"","can_party","general_votes","ttl_disb","novotes","nodisb"
"1",-1.05838777186202,0.884908762180127,0.0700811673631778,1.24338825491363,0.313740499404727
"2",-1.05838777186202,-0.0254494237813237,0.608720034418915,-0.160515585516984,1.71429481245859
"3",0.311290521135888,-0.308977923110028,-0.832628315386195,-0.574305033007138,-1.23338670766206
"4",-1.05838777186202,0.686922615721661,-0.0105502034308165,1.24744783440443,0.170203051224398
"5",0.311290521135888,-0.52712460373579,-0.856068910241587,-0.81276211899854,-1.1024750727407
"6",-1.05838777186202,1.23118241565689,0.246275788801816,1.22135073118047,0.492120544619277
"7",-1.05838777186202,0.854611993992878,-0.766763422659313,0.902024031130247,-0.82286878297099
"8",0.311290521135888,-0.431545513621253,-0.813231882747838,-0.737639504544331,-1.15089756400566
"9",-1.05838777186202,1.3479418818892,-0.250003358045095,1.22494222829078,-0.083984141569721
"10",0.311290521135888,-0.661942734749658,-0.705050859337076,-1.02922361476297,-0.916060366015955
"11",0.311290521135888,1.14915976122548,0.00194930940444874,1.2476052820335,0.196158701232603
"12",-1.05838777186202,0.225804808943969,0.188734349638372,0.933046440439967,1.1696866602441
"13",0.311290521135888,-0.322285616854017,0.0107547590075449,-1.45496428441452,0.244339719015705
"14",-1.05838777186202,-1.59206346777578,-0.80185855317049,-1.31124506507005,-0.491080191296045
"15",0.311290521135888,-1.68337663363407,-0.831576572069968,-1.31591526561593,-0.480537439783459
"16",0.311290521135888,-1.69087620309914,-0.855357649989499,-1.3101739800932,-0.493469633473513
"17",0.311290521135888,0.0657518082043495,0.400642182773731,0.114846500532534,1.69553080101295
"18",-1.05838777186202,-0.188885314893247,0.166216056680369,-1.11877329166171,1.19907288639403
"19",-1.05838777186202,0.533224971527068,5.4992364228347,0.0263954797936101,1.70851826464816
"20",0.311290521135888,0.14975196105192,-0.35128760469952,0.425998297441541,-1.20655622006438
"21",-1.05838777186202,0.82774786456576,-0.295385664125868,1.16897817298459,-0.317976289455718
"22",0.311290521135888,-0.691953449706896,-0.833887953319121,-0.967191341743134,-0.977729066411728
"23",-1.05838777186202,0.848853618101787,-0.109268413824715,1.23654595530984,-0.000744727214896294
"24",0.311290521135888,-0.273519759685624,-0.84708725882498,-0.519383976969504,-1.25483495797085
"25",-1.05838777186202,0.804005446474849,-0.220724667517191,1.19938109019895,-0.209364010914303
"26",0.311290521135888,-0.174943329204451,-0.856644347600173,-0.374507860570613,-1.29769013164097
"27",0.311290521135888,-0.217241895955204,-0.278294135897497,-0.935779936302616,-1.00619955276139
"28",-1.05838777186202,-1.21443589287042,-0.836382211897001,-1.21725635706744,-0.669727591703211
"29",-1.05838777186202,0.845843840638193,-0.575100805974872,1.01371526031369,-0.662210786904645
"30",0.311290521135888,0.399513742142373,1.07849124279838,0.365471984783237,1.62084273217769
"31",-1.05838777186202,-0.355480228632247,-0.644380343939919,-0.756955400538817,-1.13912795104904
"32",-1.05838777186202,0.583719585172484,-0.219028077378225,1.16145082281258,-0.341134449825447
"33",-1.05838777186202,0.491759690272434,0.442014053883389,0.901206584333336,1.21104754370492
"34",0.311290521135888,-0.318206249052122,-0.839002772812159,-0.583379419527379,-1.22955310253391
"35",-1.05838777186202,0.99819827836143,-0.410356973931203,1.14609088577888,-0.385139011471443
"36",-1.05838777186202,0.571518793057668,-0.492800993464403,0.919608003892386,-0.800357553540249
"37",-1.05838777186202,0.603395072558456,-0.219096398097635,1.16644455482085,-0.325901777410594
"38",0.311290521135888,-0.103778260416503,-0.75468963285985,-0.288190317878216,-1.31428002083014
"39",0.311290521135888,1.4583957399643,-0.259871796028739,1.22664628072279,-0.0734309909729414
"40",-1.05838777186202,-0.750706295731759,-0.85854838732149,-0.993778506920398,-0.952225976947613
"41",0.311290521135888,0.193779284279696,-0.162934541570858,0.930498791650781,-0.78595497523109
"42",-1.05838777186202,-0.403947595473672,-0.559901706839569,-0.894891656755901,-1.04075999196027
"43",-1.05838777186202,1.03477578051196,-0.0667926191215651,1.24480019087,0.0955359774247063
"44",0.311290521135888,-0.0757077325845564,-0.789680927321264,-0.233048613046042,-1.32152258943558
"45",0.311290521135888,1.08941194744406,0.740161262780465,1.01397517927814,1.0489338998939
"46",-1.05838777186202,-0.862727228023449,-0.859762695327289,-1.06146721990119,-0.88081856698037
"47",0.311290521135888,0.505353437246434,-0.0643833462100078,1.23676928818734,0.00121902577372949
"48",-1.05838777186202,-0.983578499154607,-0.8596792513871,-1.12177160715657,-0.808069365044325
"49",0.311290521135888,0.189053187436037,2.46991373219125,-0.000896787583612532,1.71118413338092
"50",-1.05838777186202,0.102428807130539,0.215186094572384,0.476881801757935,1.56787351283011
"51",-1.05838777186202,0.000494360470976069,-0.138993020821948,-0.0992470453839062,-1.32845990665921
"52",0.311290521135888,-0.670325338098675,-0.836792318995425,-0.949116009430956,-0.994324106273042
"53",0.311290521135888,-0.0468785418382329,0.0555253415363129,-0.976017314729496,1.3565641877936
"54",-1.05838777186202,-0.471866581955843,-0.808632476605743,-0.785294670320537,-1.12101842968737
"55",-1.05838777186202,-0.152494369197068,2.46238265433681,-0.187602316654724,1.71271291176648
"56",0.311290521135888,-0.254491001341416,0.399273916724762,-0.830556576631758,1.47707499531879
"57",0.311290521135888,0.969294465033365,-0.523509968756441,1.08523328579296,-0.529719121970447
"58",-1.05838777186202,-0.666519586429834,-0.855718048340697,-0.93464059079623,-1.00719995869499
"59",0.311290521135888,1.70516018068812,1.98093570759371,0.777744330391528,1.3471220150386
"60",1.6809688141338,-0.896991430139981,-0.846376491289491,-1.08715814640504,-0.850985736327864
"61",0.311290521135888,1.94248486482157,0.230318033256398,1.23820504357519,0.37278870239557
"62",-1.05838777186202,-1.33298630106454,-0.858315538993153,-1.24050166615272,-0.63042919607922
"63",0.311290521135888,1.17776508422658,-0.377927901150192,1.18296948429448,-0.271470076052387
"64",1.6809688141338,-1.02127534003127,-0.858618273608159,-1.13865569227818,-0.785890846256106
"65",0.311290521135888,0.766694155603852,0.227007398902918,1.19199043012924,0.625690331308428
"66",-1.05838777186202,-0.824744333916774,-0.861405547568773,-1.03882189603101,-0.905813046413633
"67",0.311290521135888,-0.490758532233525,0.537355701264017,-1.0155696873789,1.3174512770945
"68",-1.05838777186202,-0.826435779102926,-0.425662483957852,-1.30569307189997,-0.503354470118266
"69",0.311290521135888,0.0663612259552424,2.06190019454398,-0.0605744659354623,1.71483558837629
"70",0.311290521135888,-0.572209080204911,1.50999304960554,-0.583026832892207,1.61685736302731
"71",0.311290521135888,1.16321368078689,0.18372684699946,1.2310560138243,0.431036734697948
"72",-1.05838777186202,-0.540544231352391,-0.840943098726896,-0.834916492194915,-1.08677877201184
"73",0.311290521135888,0.558049417053238,0.0578273929582483,1.24040810602908,0.350457585984659
"74",-1.05838777186202,-0.906306815760773,-0.857537523588914,-1.08587493746821,-0.852514993879263
"75",0.311290521135888,0.547826123354585,-0.0221991523161299,1.24649884105138,0.131950687909428
"76",-1.05838777186202,-0.772608023473034,-0.529065308677341,-1.21929550666606,-0.666383961848667
"77",-1.05838777186202,-0.76869033793158,1.38080516524598,-0.761509490594831,1.5234397859669
"78",0.311290521135888,-0.990617896032269,-0.341063035926192,-1.38208931430976,-0.301908731170796
"79",-1.05838777186202,0.271411643485284,0.228769758760837,0.929447734758289,1.17451459716646
"80",-1.05838777186202,0.375398211142752,5.62403370163164,-0.0140328587207892,1.71224388719728
"81",0.311290521135888,-0.776873947729285,-0.82983620167705,-1.02781677980515,-0.917545556408756
"82",0.311290521135888,0.361941272235279,1.6178115130697,0.191047949981056,1.67890537643362
"83",-1.05838777186202,0.0976032135112237,0.962584597946902,0.0323008019751594,1.70785874686049
"84",-1.05838777186202,0.0226697043453052,0.472899302512316,-0.0393332786502702,1.71387743590565
"85",0.311290521135888,-0.18066439380467,0.491904120818803,-0.570051355050248,1.62230877920774
"86",0.311290521135888,0.401914101855074,0.745798266504163,0.537176717599936,1.53344686971464
"87",-1.05838777186202,-0.321788132975737,-0.518729417740759,-0.816580007623543,-1.09981801298368
"88",0.311290521135888,0.398543648579727,-0.209363862477913,1.09254519835773,-0.514262305673052
"89",-1.05838777186202,-0.687488531899334,-0.696412559866741,-1.05364070807638,-0.889590091335403
"90",0.311290521135888,0.919732633659724,-0.0883133993774229,1.24141883899735,0.0480979810630541
"91",0.311290521135888,-0.10602937496572,0.422152361675664,-0.433316320399733,1.66977366941618
"92",0.311290521135888,-1.16305824534106,-0.805616057638328,-1.21519157138713,-0.673093914803034
"93",0.311290521135888,0.850035142312702,-0.445522229140307,1.09313621716686,-0.512993976879297
"94",0.311290521135888,-0.197280355339221,0.736958453891793,-0.453581069048319,1.66385406410268
"95",-1.05838777186202,-0.523182044000421,-0.307786395230034,-1.26906661973894,-0.578191369995816
"96",0.311290521135888,-0.273693879043022,-0.182357580905572,-1.22890419547091,-0.650366105206759
"97",0.311290521135888,-0.811051090167118,-0.71326770333312,-1.11904898906606,-0.811566242775096
"98",0.311290521135888,1.02562207715161,0.025435981208909,1.24719173720872,0.231312840525267
"99",-1.05838777186202,-0.324735724954546,-0.803124993771302,-0.610734124802821,-1.21748604753494
"100",0.311290521135888,-0.175241819531419,0.464102411873371,-0.581528049713009,1.61749577506817
"101",0.311290521135888,-1.25139894502662,-0.86190696617889,-1.2172279777484,-0.669773991325442
"102",0.311290521135888,-0.160292428989106,-0.509440342954411,-0.509739239909647,-1.25829690199599
"103",-1.05838777186202,-1.11465306398442,-0.85893012348025,-1.17471516742955,-0.735453343646142
"104",0.311290521135888,0.0922303876258002,1.20688481237071,-0.00106054601150421,1.71119823662061
"105",-1.05838777186202,-0.605229572625743,-0.574195733264372,-1.08463313932712,-0.853990877132615
"106",0.311290521135888,0.690977109329643,-0.322122278724644,1.12102519732225,-0.449527293777414
"107",0.311290521135888,0.331545007272374,0.330992908683227,0.85251078875037,1.26892898427954
"108",-1.05838777186202,0.172188483962346,2.04940115058419,0.0091119297824333,1.71027935276238
"109",0.311290521135888,-0.301640035905399,-0.801102789483635,-0.58035209613651,-1.23084133384121
"110",0.311290521135888,-0.377817254767017,-0.374687153083381,-1.06379098325604,-0.878186446819659
"111",0.311290521135888,-0.109051589526271,-0.0679089401004562,-1.2514339900498,-0.610989553404785
"112",-1.05838777186202,-0.842902495473992,-0.661266973586396,-1.16751185664178,-0.745885616205953
"113",-1.05838777186202,0.156890854705238,0.152226759578094,0.866025294968879,1.25346666742802
"114",0.311290521135888,-0.40101244059182,-0.735448644361502,-0.751124802660952,-1.14272889422218
"115",0.311290521135888,0.374166938544009,-0.0268611096251985,1.24413761879962,0.0845910001432313
"116",-1.05838777186202,-1.05010453077759,-0.859368426683417,-1.15008923868317,-0.770369425671557
"117",0.311290521135888,-0.544847466899513,0.645303407470969,-0.976050279392041,1.35653284732936
"118",0.311290521135888,-0.6422921215576,0.681104751862613,-1.03139412377453,1.30091435732053
"119",-1.05838777186202,0.568198088170149,0.481894622841031,0.926790387056958,1.17805372856847
"120",0.311290521135888,-0.0957812070731527,-0.768322902483985,-0.271262050374547,-1.31677872124113
"121",0.311290521135888,-0.269689133822869,-0.132339550701118,-1.31749231532073,-0.476930572140877
"122",0.311290521135888,-1.08933113457997,-0.644164335393417,-1.26751666158451,-0.581150489294405
"123",0.311290521135888,0.221713004045116,-0.392856753177869,0.560276245674203,-1.1319461936106
"124",-1.05838777186202,-0.607219508138863,-0.807321906081134,-0.916530609257759,-1.02280934430901
"125",-1.05838777186202,0.519481979389585,-0.338112323101394,1.02878998761852,-0.636695691404328
"126",0.311290521135888,-0.114635846059963,-0.780575453044458,-0.300453800783762,-1.31231656547989
"127",-1.05838777186202,0.235754486509568,4.15371855090593,-0.0274609017706836,1.71317761694878
"128",0.311290521135888,0.215593952342273,0.768498324205024,0.261044682327726,1.65904742316386
"129",-1.05838777186202,0.534854231228435,-0.117705279623433,1.21601909959105,-0.133551740220082
"130",0.311290521135888,-0.41398433271797,-0.843110392158947,-0.699804340528477,-1.17265477008038
"131",0.311290521135888,0.102354184548797,-0.0123446772851449,1.23788245053167,0.0113274629722195
"132",-1.05838777186202,-1.02693421914671,-0.80119051687942,-1.1697513927147,-0.742662164252622
"133",0.311290521135888,0.551221450823846,1.20432712845125,0.458479158950076,1.57754711951645
"134",-1.05838777186202,0.0307289431734405,0.281379080925048,0.0426857766802726,1.70662734954173
"135",0.311290521135888,0.771793365356222,-0.48770549323028,1.03858863666577,-0.619491560297006
"136",-1.05838777186202,-0.48460216923981,-0.765559104085211,-0.826995673080896,-1.09246823105836
"137",0.311290521135888,1.49645325665272,0.0729154003945131,1.24600553924527,0.267651429306941
"138",-1.05838777186202,-0.396771390529484,-0.813675883980063,-0.696481661575122,-1.17448558329959
"139",0.311290521135888,1.53278201686412,0.19644027036216,1.23664173186102,0.387058793117864
"140",-1.05838777186202,0.411279235863694,-0.729100420120925,0.56003551868231,-1.13209913951747
"141",-1.05838777186202,0.83686425663524,0.760971807952643,0.895983465530807,1.21755319372733
"142",0.311290521135888,0.173892366245455,0.477197762123838,0.35872647101661,1.62363357049378
"143",-1.05838777186202,1.38422089371276,-0.25817019130632,1.22469402815488,-0.0854868427339673
"144",0.311290521135888,-0.16529214196582,-0.80338285144057,-0.376446809239354,-1.29724258098988
"145",-1.05838777186202,1.10084163954754,-0.591622372356543,1.08655820857858,-0.526949916186705
"146",0.311290521135888,-0.314114444153269,-0.850957738440792,-0.572123196097271,-1.23429601648506
"147",-1.05838777186202,0.680231457558796,1.97896562795402,0.335321437086034,1.63296425157331
"148",0.311290521135888,0.291522429264751,1.62724496176666,0.134302106518318,1.69177084467445
"149",0.311290521135888,0.781369930013111,0.519489638435769,1.0215416744202,1.0362568619261
"150",-1.05838777186202,0.0887231262839265,-0.821124368227804,0.0411484317708068,-1.31966165948092
"151",0.311290521135888,0.622958626071816,0.42183269191432,1.01515458764372,1.04697588392742
"152",1.6809688141338,-1.53308675400569,0.42183269191432,-1.40728321092027,0.597365433940511
"153",-1.05838777186202,-0.388761900089176,-0.84508467578382,-0.668949051576019,-1.18917349946972
"154",0.311290521135888,0.612872140439689,0.0558535782088489,1.24202888311724,0.331714806828286
"155",1.6809688141338,-1.42186179591925,0.0558535782088489,-1.45467459205683,0.253319825333225
"156",-1.05838777186202,-0.320668794249607,-0.82153910845167,-0.595531643452788,-1.22428764878654
"157",0.311290521135888,0.688290696386931,0.0526998979333439,1.24366256846873,0.30977429000914
"158",1.6809688141338,-1.43815439293292,0.0526998979333439,-1.45480965798326,0.249313509133008
"159",0.311290521135888,0.632783932667845,0.0477481914757713,1.24377552912323,0.308100866091873
"160",-1.05838777186202,-0.202466624770289,-0.733810409351375,-0.463560237690763,-1.27364608813853
"161",1.6809688141338,-1.63997116525414,-0.733810409351375,-1.3378370003536,-0.428073407732845
"162",0.311290521135888,0.330413231449287,0.288290297456559,0.914428178191981,1.19423590638458
"163",1.6809688141338,-1.50711809555948,0.288290297456559,-1.43164599282377,0.479538046923423
"164",1.6809688141338,-1.64208547173683,-0.783286745337248,-1.32402944500323,-0.461716539909106
"165",-1.05838777186202,-0.149646273993915,-0.783286745337248,-0.357700815525602,-1.30143033576623
"166",0.311290521135888,1.20169405877185,0.291429720738855,1.20953056793244,0.552298866330563
"167",-1.05838777186202,0.439884558864791,-0.685749894513336,0.62574577896298,-1.08754644903655
"168",0.311290521135888,1.59500481293998,-0.491088922487772,1.18776294217532,-0.254300542012533
"169",-1.05838777186202,1.46975080948604,0.023157246407975,1.24743948398203,0.2175551057448
"170",0.311290521135888,-0.2842281001656,-0.818516935825903,-0.547444357191702,-1.24424894443681
"171",-1.05838777186202,1.17195695994766,0.765594634027284,1.02754810821573,1.0259940528831
"172",0.311290521135888,-0.424493679646634,-0.753222259251063,-0.767679022958836,-1.13239469658675
"173",1.6809688141338,-1.58619315801208,-0.839677365412815,-1.29865922578513,-0.518522288660672
"174",-1.05838777186202,0.707804501512462,-0.230401923513298,1.18122663624878,-0.277542314696125
"175",0.311290521135888,-0.00739075899976125,-0.383431370728462,-0.130103371105833,-1.32818686376759
"176",1.6809688141338,-1.54733966711841,-0.855743876226946,-1.28687941272323,-0.543034594716454
"177",-1.05838777186202,1.87273762508672,-0.199728471498655,1.23998506026815,0.0321651861984647
"178",0.311290521135888,-0.296553263249986,-0.822018823690296,-0.562746387876546,-1.23814935509545
"179",0.311290521135888,0.716585091964103,-0.547685744460108,0.969859045080874,-0.73068037918477
"180",-1.05838777186202,0.952516821238373,2.25990173742995,0.420925692118404,1.59613122691397
"181",0.311290521135888,0.175596248528564,-0.828119076381756,0.176321100399914,-1.29536471717584
"182",0.311290521135888,0.560997009032047,-0.0100667848706545,1.24738965935837,0.16626897624612
"183",-1.05838777186202,0.430954723249666,0.590826029791267,0.692480800912345,1.42325905965742
"184",-1.05838777186202,1.36249328532889,-0.247722755689309,1.2258053675854,-0.0786915599892968
"185",0.311290521135888,-0.121948859070678,-0.812711438919358,-0.304628412256323,-1.3116186972946
"186",1.6809688141338,-1.49221845340499,-0.850806379080331,-1.27826561469645,-0.560306890250575
"187",0.311290521135888,0.726062159845337,0.0836906753319634,1.23871638153994,0.367863897997228
"188",-1.05838777186202,0.0934989715154141,-0.836497388375587,0.0460916197976911,-1.31904985465106
"189",0.311290521135888,0.765612128168593,-0.850473914581492,0.800280639084605,-0.93762855009211
"190",-1.05838777186202,-0.36607663523961,-0.821589135080574,-0.654177992341871,-1.19670459956732
"191",-1.05838777186202,1.50593032453395,-0.0589313814104388,1.24657345873453,0.134060375121874
"192",0.311290521135888,-0.151972011124874,-0.816417112779776,-0.351410710860239,-1.30276616288281
"193",-1.05838777186202,1.45049818339661,0.530219551657924,1.1654490944729,0.71613229656692
"194",0.311290521135888,-0.258968356245936,-0.826915981652111,-0.508013038329989,-1.25890707762375
"195",0.311290521135888,0.594005064355922,0.714297138020306,0.760190866485474,1.36384587126654
"196",-1.05838777186202,0.425557023170329,0.910506424276641,0.468265777286237,1.57244986721768
"197",0.311290521135888,0.732007092190782,-0.188042521186149,1.20510133328553,-0.185120245746248
"198",-1.05838777186202,-0.197056487593995,-0.835162881360707,-0.414455437452749,-1.28779240147273
"199",-1.05838777186202,0.572936622110766,0.0911508894135831,1.23081932183097,0.432718080393827
"200",0.311290521135888,-0.0181239736736513,-0.832050136298146,-0.133489841268451,-1.3281085802685
"201",-1.05838777186202,1.16562647759655,-0.132239942477658,1.2389918007555,0.0220018309190713
"202",0.311290521135888,0.227968863814487,-0.81818263556038,0.258737492996562,-1.2726200453399
"203",-1.05838777186202,0.900641689830731,-0.131943708542945,1.23333182045439,-0.0270474538499545
"204",0.311290521135888,-0.260659801432088,-0.743057348921449,-0.551478228292314,-1.24266357014405
"205",1.6809688141338,-1.53696712825627,-0.855709703946678,-1.28501905685851,-0.546809835085527
"206",-1.05838777186202,0.802886107748719,1.42122808007964,0.560778920884794,1.51878032573572
"207",0.311290521135888,0.310750181160271,7.77095403343321,-0.0500465074444057,1.71440778592682
"208",1.6809688141338,-1.54753866066972,-0.840705569590866,-1.29176969408497,-0.53298834130059
"209",-1.05838777186202,1.27222483561499,2.98184080326014,0.426380236749911,1.59352654170835
"210",0.311290521135888,-0.16317783548313,-0.8498905142869,-0.358916702055521,-1.30116810972454
"211",0.311290521135888,1.06936334714938,-0.191901938519605,1.22635480568362,-0.0752664292491419
"212",0.311290521135888,0.916287557802635,-0.142883836918041,1.23146709159441,-0.0409335276578376
"213",-1.05838777186202,-0.234989633312842,-0.822311998013868,-0.475447885014129,-1.269886816531
"214",0.311290521135888,0.773348002475847,0.501200157213876,1.03022587249963,1.02135991335447
"215",-1.05838777186202,0.0224458366000792,-0.842320384668446,-0.0680487173913646,-1.3279294219709
"216",0.311290521135888,0.575747406023048,2.50954553489559,0.198195307741397,1.67708185886708
"217",-1.05838777186202,-0.0760435342023953,-0.763950424123995,-0.237937125054307,-1.32098474768242
"218",1.6809688141338,-1.63861552168583,-0.843265144906309,-1.30590711303764,-0.502886319687563
"219",1.6809688141338,-1.65457231708166,-0.853645062455143,-1.30526600982816,-0.504287352443856
"220",-1.05838777186202,0.261039104623147,0.35378927658515,0.698451656310379,1.41832658294446
"221",0.311290521135888,-0.5175480390789,-0.832045558801999,-0.81797169313062,-1.09884455433513
"222",-1.05838777186202,0.144453757748239,2.19986619862946,-0.0154886581332549,1.71235242081374
"223",0.311290521135888,-0.266642045068404,0.251577896231848,-1.08719167546532,1.23809946397381
"224",-1.05838777186202,0.260989356235319,1.86910432968136,0.0828691154352841,1.70099875278432
"225",0.311290521135888,-0.0892019827829002,-0.15584991263755,-0.775488510201426,-1.12740013854118
"226",-1.05838777186202,0.911772891607245,-0.0773312470446393,1.24277174951409,0.0649476065550746
"227",0.311290521135888,0.144404009360411,-0.0203904850449273,1.23433026214008,-0.0192317243968746
"228",-1.05838777186202,-0.53325609253559,-0.826180578286662,-0.837056052378081,-1.08522693001551
"229",-1.05838777186202,0.874150673312323,0.104635652665307,1.23802672532684,0.374474164770439
"230",0.311290521135888,1.03493746277241,-0.503806216059888,1.11125784634316,-0.472611735477379
"231",0.311290521135888,1.45325921892106,-0.0206962633769896,1.24747017962061,0.171903188448483
"232",-1.05838777186202,-1.12138153343816,-0.853876369057347,-1.17944465160749,-0.728500831037273
"233",-1.05838777186202,0.79791126896592,1.09507189543675,0.691930026819618,1.42371120222007
"234",0.311290521135888,-0.149434843345646,-0.861908396646436,-0.334956473662866,-1.30609671074099
"235",-1.05838777186202,0.462022591448249,-0.551766931945461,0.763713034948318,-0.973382495628472
"236",-1.05838777186202,0.460803755946464,-0.0322626504437675,1.24430647386704,0.0872727544820758
"237",-1.05838777186202,1.48751098394064,0.19807918087085,1.23578045902951,0.394481448952864
"238",-1.05838777186202,1.32819177192148,-0.523813164299878,1.15335360292003,-0.364831287787217
"239",-1.05838777186202,1.00743904140048,-0.134463898318618,1.23572614021237,-0.00778651032190385
"240",-1.05838777186202,0.280577783942592,0.0109358244107131,1.24658171631387,0.25285527708654
"241",0.311290521135888,-0.466543504458248,-0.853611684879068,-0.752303922709484,-1.14200406330965
"242",0.311290521135888,1.44146885100583,-0.115849398976168,1.24326295091008,0.0716446922675925
"243",-1.05838777186202,0.992614021827738,-0.243867081412599,1.20857286221443,-0.169563141971322
"244",0.311290521135888,-1.47488114024694,-0.709551253283854,-1.32209008847967,-0.466275220603483
"245",-1.05838777186202,-1.50880954074563,-0.761027613363388,-1.31089115160193,-0.491870879400575
"246",0.311290521135888,0.105525644272832,-0.472605533442963,0.190497737063572,-1.29189011022215
"247",0.311290521135888,-0.0976218974227885,-0.472605533442963,-0.377482864231375,-1.29700207133837
"248",0.311290521135888,0.421813456986272,0.167760007985124,1.15192065393234,0.756059264532293
"249",-1.05838777186202,1.30987192810382,-0.164493179009086,1.23707364158013,0.00392845873926126
"250",0.311290521135888,-0.297000998740438,-0.607265949546587,-0.69790429896518,-1.17370325628033
"251",-1.05838777186202,0.850196824573143,-0.120365234025402,1.23426181470549,-0.0197768564875777
"252",1.6809688141338,-1.39205007451332,-0.860796351176099,-1.2536759598456,-0.606921204534855
"253",0.311290521135888,1.20770117660208,-0.367847555293678,1.18895954863059,-0.249900541688967
"254",-1.05838777186202,-0.6854737221923,-0.845895107172062,-0.955043676897086,-0.98894616116073
"255",0.311290521135888,1.22031239291647,-0.195320255291138,1.23061921697351,-0.0469763886827124
"256",0.311290521135888,1.09928700242792,-0.324848662450045,1.19219402156578,-0.237761546687768
"257",0.311290521135888,0.427397713519964,-0.416482816097655,0.86399578422863,-0.868663218208714
"258",0.311290521135888,0.944096906598485,-0.202663409445236,1.21750114894718,-0.12587401878778
"259",-1.05838777186202,-0.63068831009672,-0.856859640912902,-0.905297337082929,-1.03222120498169
"260",-1.05838777186202,0.890779071943831,1.80598979690536,0.493858445639586,1.55860978940956
"261",0.311290521135888,0.082815505229352,-0.778719945908163,0.0388863000489978,-1.31993472714331
"262",0.311290521135888,1.41349781994954,-0.461977978120773,1.1807277632225,-0.279264578707365
"263",0.311290521135888,0.0997672683817415,1.24147679181664,0.00421836483208749,1.71073225513916
"264",-1.05838777186202,-0.414345008529723,-0.611378488112325,-0.862364032996528,-1.06637636631345
"265",0.311290521135888,0.999616107414528,0.177065262948826,1.22688852723723,0.459049325986733
"266",-1.05838777186202,-0.340555712283849,-0.701116215304779,-0.694619890537488,-1.17550588869497
"267",1.6809688141338,-1.70205715326348,-0.849165926845508,-1.31354649893236,-0.485910346012412
"268",0.311290521135888,0.167934996803053,3.15738175665951,-0.0322637246376088,1.71347492218843
"269",-1.05838777186202,-0.0173777478562314,3.62836594588877,-0.110528102950277,1.71560581987282
"270",0.311290521135888,0.368707052979886,0.538312660211231,0.659754326753455,1.44931100845142
"271",-1.05838777186202,-0.347458301094983,-0.264974694958892,-1.17884434007682,-0.72938791529912
"272",-1.05838777186202,0.410968308439769,0.99843456234103,0.410427937658249,1.60105517742079
"273",0.311290521135888,-0.157780135403792,-0.0707490936780241,-1.33739988726466,-0.429172275455
"274",1.6809688141338,-1.46947100307064,-0.858375149754616,-1.27118198995067,-0.574127979391082
"275",-1.05838777186202,0.629948274561649,1.01737423874488,0.607517432166374,1.48763723302036
"276",0.311290521135888,-0.12587898170909,-0.843362376964234,-0.303591073723007,-1.31179350961085
"277",-1.05838777186202,0.79069775273086,0.172656832171178,1.21649126227288,0.518280092396839
"278",0.311290521135888,0.00816804929344441,-0.84384845778344,-0.0909716831434609,-1.32839823611357
"279",-1.05838777186202,1.7116150340088,1.83881591184787,0.816881587143593,1.30767008907204
"280",-1.05838777186202,1.52714801194259,-0.0477813716581625,1.24694611583983,0.145978410831325
"281",0.311290521135888,0.450132726757358,0.873326895927709,0.515205600718384,1.54648786430855
"282",-1.05838777186202,1.41252772638689,0.909406450362985,1.03243884559892,1.01750214282754
"283",0.311290521135888,-0.499501811394295,-0.812682034864244,-0.811829694425258,-1.10312100079953
"284",0.311290521135888,0.877844491108552,-0.107205790881829,1.23763908155034,0.00906943420113081
"285",-1.05838777186202,0.341059386444478,0.791474970752965,0.430849049278448,1.5913688379386
"286",0.311290521135888,-0.429468518429434,-0.346077833949589,-1.15652618076875,-0.761443728144879
"287",-1.05838777186202,0.801741894828675,0.41854110662033,1.09416056668178,0.897942562340584
"288",-1.05838777186202,0.702444112723996,0.0747739671419487,1.24001369992711,0.354685881251982
"289",1.6809688141338,-1.51939351025604,-0.86039250634671,-1.28022843208556,-0.556417100495894
"290",-1.05838777186202,1.05746104536153,0.11814153120742,1.23924981184733,0.362571345137621
"291",0.311290521135888,-0.162717662895721,-0.74436892077334,-0.392709031745591,-1.29335741143829
"292",1.6809688141338,-1.51239142466924,-0.855970811956092,-1.28038067711729,-0.556114274994895
"293",-1.05838777186202,0.845570224505139,0.21645131132874,1.20538598000648,0.571024046433563
"294",0.311290521135888,0.271212649933972,-0.0803448686532973,1.19193499902318,-0.238747344974703
"295",-1.05838777186202,-0.52828125375279,-0.85785381585744,-0.812818145844858,-1.10243622334309
"296",1.6809688141338,-1.56032399634152,-0.847434830650514,-1.29183879108844,-0.532845098726706
"297",-1.05838777186202,0.631428289099532,-0.077327058953546,1.23758414553537,0.0085635949069456
"298",0.311290521135888,-0.541962060405489,-0.852968769187516,-0.828932292979587,-1.09108521959002
"299",-1.05838777186202,0.470852930287719,2.00040475235412,0.205634803012926,1.67513498639752
"300",0.311290521135888,-0.0784190197211821,0.266452183869683,-0.485675146478729,1.65370040799858
"301",-1.05838777186202,0.870232987770868,1.0485382775515,0.759178923152151,1.36479253851441
"302",0.311290521135888,0.5033386275394,1.47861541020612,0.331521772505466,1.63442784658478
"303",0.311290521135888,0.766607095925153,-0.306142986695615,1.15121394061491,-0.370902359570736
"304",-1.05838777186202,0.422870610227617,-0.695959499006724,0.597820987944638,-1.10718087132164
"305",-1.05838777186202,0.891313867112982,1.09970445663774,0.747029729336874,1.37601314343613
"306",0.311290521135888,0.224735218605667,0.697048266308905,0.310710371237429,1.6421938288502
"307",-1.05838777186202,1.11668650107076,-0.101018867751159,1.24211023760032,0.056447868583122
"308",0.311290521135888,0.0753781212490666,-0.743167423399121,0.0323422767247872,-1.32070026805905
"309",-1.05838777186202,0.411167301991081,0.437930784273053,0.821129453446305,1.3031984015035
"310",1.6809688141338,-1.69216966118266,0.209253651618165,-1.4454986183437,0.380370301704805
"311",1.6809688141338,-0.860563173152931,-0.744704134948684,-1.12614700816402,-0.802404197271828
"312",-1.05838777186202,0.550910523399921,0.354642669682026,1.03247805108897,1.01743356696537
"313",-1.05838777186202,0.486162996641784,2.38147312912848,0.166302838543116,1.68486594735967
"314",0.311290521135888,0.0294479221868696,-0.409029929188688,-0.00699346124319739,-1.32454025577485
"315",-1.05838777186202,0.373930633701826,0.299329922796528,0.951160696452911,1.14475094248858
"316",0.311290521135888,-0.689478467412454,-0.651954502708628,-1.08617528719953,-0.85215743309056
"317",1.6809688141338,-1.466473662704,-0.792135697047829,-1.29330761171253,-0.529791448180484
"318",-1.05838777186202,0.99530043477045,-0.0109931238653398,1.24752478777533,0.176766847307439
"319",0.311290521135888,-0.686804491566699,-0.848067892010081,-0.954722188252137,-0.989239428648171
"320",-1.05838777186202,0.906387628624864,-0.0109931238653398,1.24750782253973,0.175118086507655
"321",0.311290521135888,-0.697960567537127,-0.848067892010081,-0.96298690623324,-0.981641554089457
"322",-1.05838777186202,1.42893225727317,0.185732187664167,1.23633192196255,0.389761705003055
"323",0.311290521135888,0.938612146840448,-0.25139900960053,1.20158571103581,-0.200209595192123
"324",-1.05838777186202,-0.184557205152211,-0.858189181026581,-0.388237841651331,-1.29444908659414
"325",-1.05838777186202,1.20627091045202,-0.519846851305519,1.13724548947297,-0.40879847924969
"326",-1.05838777186202,1.04856852103728,0.22156386591483,1.218406825837,0.508239362028312
"327",-1.05838777186202,0.810485173989445,1.20789045489675,0.649070390086168,1.45746709572247
"328",0.311290521135888,-0.102037066842523,-0.502944295787029,-0.372803811428601,-1.29808071308824
"329",-1.05838777186202,1.32719680416492,2.03938053469477,0.63320988778863,1.4692695956325
"330",0.311290521135888,-1.54498905579354,-0.857882385473153,-1.28576387344604,-0.545301399048108
"331",0.311290521135888,0.76309983458328,0.0724012267821101,1.2415643029641,0.337339660370974
"332",0.311290521135888,-0.992570520254518,-0.826261852684406,-1.14288275889103,-0.780201121993931
"333",-1.05838777186202,-0.646980907110388,-0.560623989638804,-1.12556303682911,-0.803163580112217
"334",-1.05838777186202,-0.564647325255055,0.732033171348614,-0.92959552349373,1.39875714541425
"335",0.311290521135888,-1.3569152756098,-0.850259233190991,-1.24943084232019,-0.614600533893898
"336",-1.05838777186202,-1.38387890181258,-0.275212559133357,-1.42975508655147,-0.103299395476367
"337",-1.05838777186202,-1.39357983743903,-0.409233921807803,-1.40095389067251,-0.235273636541618
"338",-1.05838777186202,-1.43431132997321,-0.749942538890663,-1.30186676323077,-0.511657037379367
"339",-1.05838777186202,-1.67248173669974,-0.736721879683158,-1.34102443850252,-0.419989007985525
"340",-1.05838777186202,-0.825229380698097,-0.062660014274972,-1.451836558125,0.0783389675234724
"341",0.311290521135888,-0.700696728867667,-0.488495866284708,-1.21285771132381,-0.676875772394651
"342",-1.05838777186202,-1.07606075212685,-0.238601442957951,-1.42366492761996,-0.135912860091871
"343",-1.05838777186202,-1.14932769030053,-0.18136202317574,-1.4391957308878,-0.0436640274932239
"344",-1.05838777186202,-1.44164921717784,-0.0658840417655772,-1.45430695718544,0.12409116425062
"345",-1.05838777186202,-1.53862126215156,-0.711950576498924,-1.33075648496552,-0.445594118512674
"346",-1.05838777186202,0.890654700974261,-0.512649469741411,1.06741218710107,-0.565701394830765
"347",-1.05838777186202,0.877446504005928,0.412386710732249,1.1192384538986,0.840979360975278
"348",0.311290521135888,1.1269719802542,-0.626259618153256,1.07743740122005,-0.545742213121707
"349",-1.05838777186202,0.343720925193276,-0.78079108807999,0.440541296380133,-1.19946137974787
"350",-1.05838777186202,0.695802702948958,1.83122648681163,0.376041542938523,1.61637720588309
"351",0.311290521135888,0.275466137093265,1.91832461197648,0.0880696882679602,1.70016943761965
"352",-1.05838777186202,1.31387667332398,-0.210578559888766,1.23057438356051,-0.0472915941031023
"353",0.311290521135888,0.687158920563844,0.0522840292295257,1.24371156669228,0.309051414972304
"354",-1.05838777186202,-0.427279589365002,-0.682416793872341,-0.821362019085246,-1.09646204087273
"355",0.311290521135888,0.966458806927169,-0.257200771397371,1.20214362123518,-0.197856502259572
"356",-1.05838777186202,-0.272176553214268,-0.4089173116576,-0.852992684802296,-1.07346401561322
"357",0.311290521135888,1.25078328046112,0.313140419402583,1.20714024899425,0.563221278891233
"358",0.311290521135888,1.31903806856113,2.19503897463657,0.592151453397178,1.49819232486679
"359",-1.05838777186202,-0.385565566171228,-0.81974603327672,-0.679347078958643,-1.18372685234873
"360",0.311290521135888,0.60739981777861,0.695439626082899,0.785100432693954,1.33993970288135
"361",-1.05838777186202,-0.0478983837887068,0.0735734234127601,-0.841513101223986,1.4691272589374
"362",0.311290521135888,1.26741167909263,-0.0455437389580529,1.24673538097149,0.138918252548173
"363",0.311290521135888,1.04129281931743,0.889216998305239,0.923821037729936,1.18198268452272
"364",-1.05838777186202,-0.152743111136208,-0.809642386693288,-0.354632163751689,-1.30208636361796
"365",1.6809688141338,-1.56373176090774,-0.851529400954464,-1.29112369567698,-0.53432577188531
"366",0.311290521135888,1.22966508982814,0.258287202269227,1.21874152539617,0.506450387439826
"367",1.6809688141338,-1.36088270953908,-0.847722926814298,-1.25133188847354,-0.611174151929643
"368",0.311290521135888,1.72321884546968,-0.163172642893906,1.24158796438307,0.0500951846730237
"369",0.311290521135888,1.24098284805901,0.0493535893086731,1.24653957605517,0.254060478061427
"370",-1.05838777186202,-0.365815456203513,-0.827887213486618,-0.650353348860974,-1.19861558541983
"371",0.311290521135888,1.60302674047725,0.566706097951191,1.1703167483689,0.700886331072395
"372",-1.05838777186202,-0.296963687449567,-0.847100935684129,-0.551218180534989,-1.24276625891619
"373",0.311290521135888,1.84906982957756,-0.330251196648855,1.22655108447717,-0.0740318768502214
"374",0.311290521135888,2.1390656193239,0.437305558696821,1.22021669720863,0.498434944697928
"375",0.311290521135888,1.44794857852043,-0.30891096523844,1.2178581413798,-0.123995577945549
"376",0.311290521135888,1.66764989626581,-0.441735861016204,1.20254596383432,-0.19615009962711
"377",-1.05838777186202,-0.425202594173183,-0.823659999105934,-0.724085639751608,-1.15888627247156
"378",0.311290521135888,0.931013080599722,-0.508937207783239,1.08196739518213,-0.536487247234835
"379",-1.05838777186202,-0.113541381527747,-0.653850722540693,-0.33531019438642,-1.3060275987078
"380",1.6809688141338,-1.37677731945013,-0.817937278588056,-1.26611095136805,-0.583821087681852
"381",1.6809688141338,-1.59933916949562,-0.855067582959319,-1.29605083497308,-0.524043335554923
"382",-1.05838777186202,0.756732040941296,0.232642272819382,1.18793055761434,0.640840803058282
"383",0.311290521135888,0.0920562682684022,0.775149600942284,0.0553478173601201,1.70500218580339
"384",1.6809688141338,-1.53655670405669,-0.856989662465801,-1.28452618583018,-0.547805810553314
"385",-1.05838777186202,0.939942916214847,0.178375388439088,1.22390638119233,0.477354798124059
"386",0.311290521135888,-0.330096113743013,-0.84912307639546,-0.593806638215336,-1.22504430753866
"387",-1.05838777186202,0.828469216189266,-0.226703489408072,1.1996768271722,-0.208149005674739
"388",0.311290521135888,-0.106116434644419,-0.840999014113864,-0.273264180742751,-1.31649595877453
"389",-1.05838777186202,0.716871145194115,-0.0310037436386982,1.24634488948248,0.127811822390118
"390",1.6809688141338,-0.443447815409101,-0.851806895764324,-0.728210361061697,-1.1564784118289
"391",0.311290521135888,0.725664172742713,-0.300398491282869,1.14482848285603,-0.388584909914856
"392",-1.05838777186202,0.700541236889575,1.16211064572604,0.593766856031207,1.49709750776257
"393",0.311290521135888,-0.21083679102235,0.0536380462323265,-1.413989882163,0.568840346982859
"394",1.6809688141338,-1.50096173256576,-0.854651952666758,-1.27864912220185,-0.559548967937997
"395",-1.05838777186202,0.589378464287918,1.18462718238778,0.49802709460655,1.55628442348868
"396",0.311290521135888,-0.0363443207156548,1.17383443985218,-0.145884682054192,1.71489424662985
"397",-1.05838777186202,0.854388126247652,0.402808371566955,1.11854417333067,0.842640212833139
"398",0.311290521135888,0.0853029246207518,-0.248680215300164,0.334511513228049,-1.24612367518894
"399",1.6809688141338,-1.67505621576983,-0.861908396646436,-1.30593918829884,-0.502816130426524
"400",0.311290521135888,0.780163531608282,0.155149053780975,1.22164684348182,0.490448748878927
"401",-1.05838777186202,0.972577858630013,2.29360848792905,0.423621504533743,1.59484787720493
"402",0.311290521135888,-0.333566063794015,-0.823423956066744,-0.611548218302683,-1.21711503640152
"403",-1.05838777186202,0.795224856023208,0.23225474326706,1.19340289204595,0.620281769211687
"404",0.311290521135888,0.193132555237933,0.0675879975300417,1.17174000924052,0.696329903966128
"405",1.6809688141338,-1.49645950346733,-0.820485847250436,-1.28925945445142,-0.538167608167091
"406",0.311290521135888,0.925888996653438,-0.0225059876047678,1.24720808788488,0.156590750605147
"407",-1.05838777186202,-0.507784917967656,-0.845956299394867,-0.799691405356406,-1.111423436521
"408",1.6809688141338,-1.60989826481212,-0.861456488107498,-1.29582187563952,-0.524525361941836
"409",0.311290521135888,0.769094515316553,-0.367449321075886,1.11555931820913,-0.462568317499899
"410",0.311290521135888,1.33329098167385,-0.305209431786864,1.21352621649816,-0.146056312285508
"411",1.6809688141338,0.399750046984556,0.417651395541866,0.830558920098808,1.2931327493471
"412",-1.05838777186202,0.368060323938122,-0.567137329569409,0.63177155093409,-1.08316843176527
"413",-1.05838777186202,0.460642073686023,-0.0386171528474631,1.24288236076153,0.0664247049621089
"414",1.6809688141338,0.377873193437195,2.95189096120073,0.0675719747603854,1.70330381755735
"415",1.6809688141338,-1.34399313187148,-0.858649902835012,-1.24309955703929,-0.625868205146874
"416",-1.05838777186202,1.07139059395337,3.73340870628535,0.268788199068859,1.65657319444336
"417",1.6809688141338,0.401851916370289,0.707482787982791,0.563519683097377,1.51703208103354
"418",1.6809688141338,0.825409690337844,-0.0935436417073467,1.23900980124599,0.0221805908488673
"419",-1.05838777186202,-0.197752965023587,-0.812133665130447,-0.423837828980614,-1.28525972959573
"420",1.6809688141338,1.4057868198362,1.10297223259413,0.959360278361643,1.13310044448129
"421",-1.05838777186202,1.22440419781533,0.543071269444165,1.13152435133059,0.810686554565378
"422",1.6809688141338,0.455903539745406,-0.317570840927595,1.00505180529996,-0.676385977736835
"423",-1.05838777186202,0.248987557671815,-0.846360930981406,0.27742052010035,-1.26659491105305
"424",1.6809688141338,0.524419506881513,1.43709319695737,0.359302228127838,1.62339714882479
"425",-1.05838777186202,0.499433379094902,2.14017943960489,0.203117000840726,1.67579946725354
"426",-1.05838777186202,0.864661168334133,-0.106200291402551,1.23752590385381,0.00802884622563693
"427",0.311290521135888,0.689148856076964,-0.043754565780687,1.24489111190323,0.0971352160652812
"428",-1.05838777186202,-0.664019729941477,-0.861908396646436,-0.928967827612875,-1.0121482722077
"429",-1.05838777186202,0.902407757598625,0.0546149522547665,1.2451385487259,0.285524960851422
"430",-1.05838777186202,0.552092047610836,-0.377715460825512,1.01151161460542,-0.665849077239844
"431",0.311290521135888,-0.739102484270879,-0.813370208959545,-1.01306173196124,-0.932870245613979
"432",0.311290521135888,1.24446523520697,-0.275401857671957,1.21567703265976,-0.135297148894835
"433",-1.05838777186202,1.30616567321064,0.351549474342595,1.20115908183699,0.589152610493183
"434",0.311290521135888,0.233279504215125,-0.493712988048418,0.473391373846818,-1.18258376806654
"435",-1.05838777186202,1.40455554723746,-0.0571200359861084,1.24649088061549,0.131729875017258
"436",1.6809688141338,-1.6582039493931,-0.860403226906264,-1.30382273090091,-0.507428449069966
"437",-1.05838777186202,1.09963524114271,-0.131777273643956,1.2380049413967,0.0124747667081499
"438",0.311290521135888,-0.55248384443111,-0.689984126132038,-0.948893806332437,-0.994524500037748
"439",0.311290521135888,0.669535554175777,-0.231564559852515,1.17336358734842,-0.30392118364245
"440",-1.05838777186202,-0.163687756458367,-0.763523294461772,-0.387392111667003,-1.29465357233096
"441",-1.05838777186202,1.26181498546198,0.302795961554808,1.21029356752988,0.548737377106546
"442",-1.05838777186202,1.14122489336692,0.441876379329119,1.1564204913819,0.743147686011676
"443",0.311290521135888,-0.549424318579689,-0.845247963654207,-0.84070679613806,-1.0825641540726
"444",-1.05838777186202,1.15490570001962,0.1813609649368,1.23124321836188,0.429698231833333
"445",-1.05838777186202,1.84598542953222,3.95741820744324,0.467337768326007,1.5729377974347
"446",0.311290521135888,0.857994884365181,1.28762228412142,0.645458513551434,1.46018666824243
"447",-1.05838777186202,0.657160642703563,-0.563869108578672,0.921749496867383,-0.797554041508612
"448",-1.05838777186202,0.0514118354129297,0.392935904433056,0.0713026468851067,1.70276010966605
"449",0.311290521135888,0.0083297315538854,1.14626940176225,-0.0942324880996025,1.71558309080149
"450",-1.05838777186202,1.11669893816772,-0.246921129623518,1.21572834361887,-0.135035952698457
"451",0.311290521135888,-0.253657715845297,-0.200897687988584,-1.16364576010387,-0.7514085297661
"452",-1.05838777186202,-1.02927239337462,-0.837273122978794,-1.15260468491214,-0.766897801726229
"453",1.6809688141338,-1.53020134751167,-0.84221491947509,-1.28820454296949,-0.540330004149729
"454",-1.05838777186202,0.568919439793655,-0.130358194208934,1.21346353760445,-0.146364489742171
"455",0.311290521135888,-0.263793949865251,-0.693039612757545,-0.584887750497418,-1.22890777070284
"456",0.311290521135888,0.123584309054394,0.501400986910306,0.219419478156365,1.67139532926554
"457",-1.05838777186202,0.0745448357529477,0.78635664661444,0.0235080777617113,1.70883000812198
"458",0.311290521135888,-0.0988407329245744,0.916957252775483,-0.248913804788439,1.70685716369081
"459",-1.05838777186202,-0.231382875195312,0.672936575551303,-0.543555890754358,1.63291569277468
"460",0.311290521135888,0.312764990867305,0.373654258868232,0.763525867256386,1.36071268693752
"461",-1.05838777186202,0.251773467390182,0.36631914712056,0.661554320614845,1.44792032038228
"462",1.6809688141338,-1.70235564359045,-0.608419081223664,-1.37686798446273,-0.318667470384998
"463",1.6809688141338,-1.27103712112172,0.745335867869887,-1.27003222181937,0.963493873058491
"464",0.311290521135888,0.467171549588447,0.872780473219184,0.533815926637218,1.53547943437044
"465",0.311290521135888,0.57582202860479,1.01200917484873,0.564395784448243,1.51647123803445
"466",-1.05838777186202,-0.305259231119886,-0.695181817378246,-0.647494852701863,-1.20003343305685
"467",1.6809688141338,-1.63497145227743,-0.833272025781939,-1.30833062480396,-0.497557633217996
"468",-1.05838777186202,0.490093119280196,0.44215884104018,0.899532393122194,1.21314104591457
"469",0.311290521135888,-0.324536731403234,-0.76051069007448,-0.634571010486509,-1.20633351695718
"470",1.6809688141338,-1.67004406569616,-0.861509073683901,-1.30530069281244,-0.504211649184099
"471",-1.05838777186202,0.717169635521082,0.662630660856854,0.888717855308938,1.22647903533342
"472",0.311290521135888,-0.116986457384836,-0.861908396646436,-0.285848072023694,-1.31464035669228
"473",-1.05838777186202,0.933525374185036,-0.333132500009499,1.16897832793709,-0.317975800502467
"474",0.311290521135888,-0.315905386115077,-0.734585420773767,-0.638046415637146,-1.20465701454943
"475",0.311290521135888,0.443441568594493,2.88958581080344,0.100973960909224,1.69801121556967
"476",-1.05838777186202,0.25816613522608,2.60416517762345,0.0292899822651164,1.70819868481976
"477",0.311290521135888,0.385086709672254,0.632030782556331,0.599233964578302,1.49336652112718
"478",-1.05838777186202,-0.559970976799224,-0.801773305251784,-0.878002815076154,-1.05426025383364
"479",-1.05838777186202,0.60839478553517,0.154101101203746,1.20622899307679,0.567296067437578
"480",0.311290521135888,0.139988839940676,-0.618749957576793,0.194213269336132,-1.29094971992005
"481",0.311290521135888,-0.0273522996157445,-0.398876526175778,-0.196525324359046,-1.32490354242491
"482",0.311290521135888,0.319754639357139,0.227387219824575,0.997479424844369,1.0756547933721
"483",-1.05838777186202,-0.889952033262319,-0.782613924926941,-1.11907281447517,-0.811535735207544
"484",0.311290521135888,0.670654892901906,-0.468852479318601,1.00373995168116,-0.678502840093035
"485",-1.05838777186202,0.713475817724854,0.46683895191835,1.02700159858191,1.02693533566944
"486",0.311290521135888,0.553422816985235,-0.0427174132334307,1.24359857379734,0.0764420906193145
"487",0.311290521135888,0.549169329825941,0.758230467894343,0.688808645358698,1.42626458443868
"488",-1.05838777186202,0.0818702858606201,-0.0862775818069421,0.826343621726429,-0.91050266574396
"489",0.311290521135888,-0.643001036084149,-0.536366136886158,-1.1420073945926,-0.781384015529584
"490",0.311290521135888,0.41887830210442,0.629330918109826,0.644875997877072,1.46062350585158
"491",-1.05838777186202,-0.425376713530581,-0.783308663278871,-0.749099359626256,-1.14396998495311
"492",-1.05838777186202,0.267108407938162,2.38551225292093,0.0463525996648889,1.70617072027245
"493",1.6809688141338,-1.41291952320717,2.38551225292093,-0.792876041277748,1.50315319316066
"494",1.6809688141338,-1.69255521118833,2.38551225292093,-0.886205146018663,1.43491211153492
"495",1.6809688141338,-1.62941206993765,2.38551225292093,-0.866429783002137,1.4504151495108
"496",0.311290521135888,-0.128067910773522,2.21290767588274,-0.18214874375784,1.71308076616923
"497",1.6809688141338,-1.67199668991841,2.21290767588274,-0.91888775449515,1.40796215602924
"498",1.6809688141338,-1.62658884892841,2.21290767588274,-0.904590580296883,1.41996032995627
"499",1.6809688141338,0.256686120688197,0.179734332607881,1.00316039233751,1.06658935323744
"500",1.6809688141338,-1.43178659929093,0.179734332607881,-1.44519063023427,0.383153800284608
"501",1.6809688141338,-1.67661085288946,0.179734332607881,-1.44801586879657,0.355812197684652
"502",0.311290521135888,-0.431097778130801,-0.5650711384047,-0.923902488391866,-1.01652113673082
"503",1.6809688141338,-1.66307929140024,-0.5650711384047,-1.38385911627645,-0.296082097312294
"504",1.6809688141338,-1.68515513849892,-0.5650711384047,-1.38558645425773,-0.290319702849831
"505",1.6809688141338,-1.65307986544682,-0.5650711384047,-1.38305622037931,-0.298734978618562
"506",0.311290521135888,0.43334264586541,1.00337978401239,0.43186064840127,1.59087742344892
"507",-1.05838777186202,-0.0370407981452467,0.0509613156248584,-0.898755263739708,1.42476322914879
"508",1.6809688141338,-1.6789117158265,0.0509613156248584,-1.45509399677216,0.23975546340784
"509",1.6809688141338,-1.49894692285873,0.0509613156248584,-1.45493574924098,0.245293644625635
"510",0.311290521135888,0.558783205773701,0.459267630243608,0.940165104254739,1.16001534837135
"511",1.6809688141338,-1.64630164760525,0.459267630243608,-1.40600395138961,0.602564732277283
"512",1.6809688141338,-0.319462395844778,-0.507478099098051,-0.824139591591227,-1.09449841654334
"513",1.6809688141338,-1.52721644424199,-0.507478099098051,-1.38675450599809,-0.286379410947216
"514",1.6809688141338,-1.68991854663345,-0.507478099098051,-1.39860564686467,-0.244177626504677
"515",0.311290521135888,0.757664823213071,-0.0418804466722087,1.24554701155794,0.109572939466783
"516",1.6809688141338,-1.67862566259649,-0.0418804466722087,-1.45529576016131,0.155614772407116
"517",-1.05838777186202,-1.36983741934812,-0.81144931356231,-1.26699164786716,-0.582149375188102
"518",1.6809688141338,-1.65924866553749,-0.81144931356231,-1.31829087724261,-0.475094963795116
"519",0.311290521135888,-0.068021606665131,-0.202831076135722,-0.533825263298303,-1.24948297280615
"520",1.6809688141338,-1.64031940396894,-0.202831076135722,-1.44549969148059,0.00679321314964188
"521",0.311290521135888,0.359267296389524,-0.112581972689622,1.18576133929487,-0.261556574971485
"522",1.6809688141338,-1.62435017147615,-0.112581972689622,-1.45248138723141,0.0883379299734397
"523",0.311290521135888,0.824613716132596,-0.232797154001778,1.19676373713854,-0.21994987711416
"524",1.6809688141338,-1.56175426249157,-0.232797154001778,-1.44094546750268,-0.0308220820912362
"525",0.311290521135888,0.770524781466608,-0.29039177476977,1.16076428735034,-0.343190224222734
"526",1.6809688141338,-1.51271478919013,-0.29039177476977,-1.43147877046248,-0.0933669537699589
"527",0.311290521135888,0.537092908680695,0.130827783633786,1.20920826440431,0.5537921033712
"528",1.6809688141338,-1.57281084168635,0.130827783633786,-1.45106425847463,0.319746290237966
"529",1.6809688141338,-1.68086434004875,0.130827783633786,-1.45164051981388,0.311686060554633
"530",-1.05838777186202,-1.12751302223796,-0.80715086189783,-1.20312361222114,-0.692391099567681
"531",1.6809688141338,-1.64525693146086,-0.80715086189783,-1.31754936004337,-0.476799653421498
"532",1.6809688141338,-1.67700883999208,-0.80715086189783,-1.32198852478666,-0.46651289111202
"533",1.6809688141338,-1.69255521118833,-0.80715086189783,-1.32408834951727,-0.461577467811676
"534",-1.05838777186202,-0.178176974413271,0.574193069722964,-0.504643177184465,1.64724376673129
"535",1.6809688141338,-1.54354635254653,0.574193069722964,-1.37090159150992,0.724244187528778
"536",1.6809688141338,-1.63294420547344,0.574193069722964,-1.37918209843145,0.698470763550282
"537",1.6809688141338,-1.67980718680741,0.574193069722964,-1.38305954121975,0.685877781495547
"538",0.311290521135888,-0.642690108660224,-0.836508108935141,-0.927551053319171,-1.01337567275625
"539",0.311290521135888,1.15939549202109,0.4968309609822,1.13833915073992,0.793086475694967
"540",1.6809688141338,-1.52637072164891,0.4968309609822,-1.38934250318134,0.664672364890415
"541",0.311290521135888,0.873852182985355,-0.18767632944139,1.21747261688993,-0.126023651931851
"542",1.6809688141338,-1.67969525293479,-0.8507169748587,-1.30988023180411,-0.494123124918125
"543",0.311290521135888,0.0178441107259896,1.62989729495542,-0.0892574072103153,1.71553206928913
"544",1.6809688141338,-1.67937188841391,1.62989729495542,-1.07400434041446,1.25361748741481
"545",1.6809688141338,-1.61203744548872,1.62989729495542,-1.05454392362594,1.27573885216868
"546",-1.05838777186202,-1.36859370965242,-0.785534025746252,-1.27633916208687,-0.564098927434559
"547",1.6809688141338,-1.65759453164221,-0.785534025746252,-1.32550038126402,-0.458232794518511
"548",0.311290521135888,0.357638036688157,-0.641905794026008,0.553808924847209,-1.13602989178898
"549",0.311290521135888,0.769591999194833,0.110186820389198,1.23396261661965,0.409296991288617
"550",1.6809688141338,-1.67159870281579,0.110186820389198,-1.45278925777205,0.293688389222331
"551",1.6809688141338,-1.59710049204336,0.110186820389198,-1.45251081838746,0.298336550824264
"552",1.6809688141338,-1.55597101240657,-0.830794694403355,-1.29639687846114,-0.523314021701386
"553",0.311290521135888,0.707506011185494,0.14014366379254,1.22184586016854,0.489319615699193
"554",1.6809688141338,-1.6407920136533,0.14014366379254,-1.45081270642457,0.323106593861188
"555",1.6809688141338,-1.50770263911646,0.14014366379254,-1.44991460976453,0.334446563077031
"556",0.311290521135888,0.0499815692628748,0.707554255730803,-0.00881058287753411,1.71183992614329
"557",1.6809688141338,-1.5742411078364,0.707554255730803,-1.33691414017791,0.817544422097514
"558",1.6809688141338,-1.67838935775431,0.707554255730803,-1.34956435109892,0.784830838988232
"559",1.6809688141338,-1.59395390651324,0.707554255730803,-1.3394686566637,0.811104557592827
"560",-1.05838777186202,-0.321066781352231,-0.683790614903614,-0.678537477333073,-1.18415527944074
"561",1.6809688141338,-1.49200702275672,-0.683790614903614,-1.33281697471409,-0.440555727219411
"562",1.6809688141338,-1.68707045143029,-0.683790614903614,-1.35673306744289,-0.378151092870984
"563",-1.05838777186202,-0.0127760219821418,1.46032159784638,-0.115879438101216,1.71556503014164
"564",1.6809688141338,-1.43747035260028,1.46032159784638,-1.05225725584237,1.278279506616
"565",1.6809688141338,-1.60319466955229,1.46032159784638,-1.10331174818634,1.21851919105269
"566",1.6809688141338,-1.69203285311614,1.46032159784638,-1.12731617711702,1.18803453006763
"567",0.311290521135888,-0.136512699607324,3.1368533155815,-0.162821844156763,1.71418401635459
"568",1.6809688141338,-1.51315008758362,3.1368533155815,-0.691312696469888,1.56446229259519
"569",0.311290521135888,0.640432747296399,-0.0511451637750634,1.24331750793627,0.0724115214292129
"570",1.6809688141338,-1.56711465128004,-0.0511451637750634,-1.45499696343895,0.143929012053979
"571",1.6809688141338,-1.57088309165801,-0.0511451637750634,-1.45500040757522,0.144047987579658
"572",1.6809688141338,-1.66526822046468,-0.0511451637750634,-1.45507919760232,0.146852492169536
"573",-1.05838777186202,0.194824000424084,1.22902587514273,0.107567260369458,1.69685308334644
"574",1.6809688141338,-1.50994131656872,1.22902587514273,-1.15235067670259,1.15440305511466
"575",1.6809688141338,-1.59360566779845,1.22902587514273,-1.17438251670596,1.12309298875779
"576",1.6809688141338,-1.69105032245653,1.22902587514273,-1.19744701075136,1.08840671539861
"577",0.311290521135888,-0.758255613584658,0.120224991294228,-1.43903990868156,0.431927065509856
"578",1.6809688141338,-1.62597943117752,0.120224991294228,-1.45203647106181,0.305810669790728
"579",1.6809688141338,-1.54817295261453,-0.849977208567235,-1.28889222648454,-0.538921308322596
"580",-1.05838777186202,-0.294078280955544,-0.155340523144384,-1.2992211078616,-0.517325780078336
"581",1.6809688141338,-1.50209350838885,-0.155340523144384,-1.44854578468603,0.0370079148994605
"582",0.311290521135888,-0.425326965142753,0.457546467851017,-1.02433132400107,1.30836066026024
"583",1.6809688141338,-1.55961508181497,0.457546467851017,-1.40105384672246,0.622043901359305
"584",1.6809688141338,-1.39714928426569,1.53459675762266,-1.01401539350454,1.31904723093234
"585",1.6809688141338,-1.57813391918394,1.53459675762266,-1.07309706425827,1.25466912833105
"586",-1.05838777186202,0.000394863695320078,1.58016508011372,-0.103716745582966,1.71562322877414
"587",1.6809688141338,-1.49882255188916,1.58016508011372,-1.0342490548061,1.2978739006431
"588",1.6809688141338,-1.69214478698875,1.58016508011372,-1.09195221655639,1.23238847354154
"589",1.6809688141338,-1.61859179558506,1.58016508011372,-1.07123557251761,1.25682048883872
"590",0.311290521135888,-0.377245148306995,0.444535221145219,-0.978635095075572,1.35406905602616
"591",1.6809688141338,-1.55399351399041,0.444535221145219,-1.40359093229963,0.612182732635413
"592",-1.05838777186202,0.166629101622568,1.07070220396312,0.103797231544163,1.69751989605521
"593",1.6809688141338,-1.44933534309726,1.07070220396312,-1.19122424290868,1.09796955679246
"594",1.6809688141338,-1.56708977708613,1.07070220396312,-1.22009404230833,1.05222311042203
"595",1.6809688141338,-1.68934644017343,1.07070220396312,-1.24572493805607,1.00837608658084
"596",0.311290521135888,-0.32811861532685,0.31878171452892,-1.07351760920715,1.25418191875353
"597",1.6809688141338,-1.59744873075816,0.31878171452892,-1.4295807492756,0.49143858035618
"598",0.311290521135888,0.394601088844358,0.42126293669071,0.819987545895267,1.30440426986169
"599",1.6809688141338,-1.65210977188417,0.42126293669071,-1.41380839390463,0.569642741049608
"600",1.6809688141338,-1.57624348044648,0.42126293669071,-1.40988501515754,0.5865624666889
"601",-1.05838777186202,-0.287200566338323,-0.685899465789365,-0.626106103820213,-1.21036288859704
"602",1.6809688141338,-1.44331578817007,-0.685899465789365,-1.32487376373379,-0.459719651676379
"603",1.6809688141338,-1.6177709471859,-0.685899465789365,-1.34848790602651,-0.400544212595876
"604",1.6809688141338,-1.68971955308214,-0.685899465789365,-1.35646580057834,-0.378893064036677
"605",0.311290521135888,0.726198967911864,-0.371541014550661,1.09926164424514,-0.499674530153042
"606",1.6809688141338,-1.65541803967473,-0.371541014550661,-1.42290703822653,-0.139738383032236
"607",1.6809688141338,-1.50232981323103,-0.371541014550661,-1.41618533340879,-0.171831497039678
"608",-1.05838777186202,0.479782765902844,0.000472303980851191,1.24760657174217,0.195075191508115
"609",1.6809688141338,-1.27654675507367,0.000472303980851191,-1.4557161523737,0.19414000656034
"610",1.6809688141338,-1.57873089983788,0.000472303980851191,-1.45571618440035,0.194032217108107
"611",1.6809688141338,-1.68949568533691,0.000472303980851191,-1.45571619207158,0.194002364247049
"612",0.311290521135888,1.29008450684524,-0.180719719406416,1.23453715967482,-0.0175752145125117
"613",-1.05838777186202,-0.439841057291571,-0.845101992388169,-0.72808064248589,-1.15655444551626
"614",-1.05838777186202,1.05159073559783,1.35254649344295,0.725593862637859,1.39517540792642
"615",0.311290521135888,0.399849543760212,-0.795503804408495,0.502973265148555,-1.16634542042425
"616",-1.05838777186202,1.00241445422985,-0.309128896969088,1.18758390922366,-0.254954797719113
"617",0.311290521135888,-0.382593099998505,-0.861908396646436,-0.652444985025043,-1.19757247513521
"618",0.311290521135888,1.77163646392328,-0.230951644244222,1.2362665672642,-0.00317332268330824
"619",-1.05838777186202,-0.0842147069031436,-0.790526262117631,-0.24723676955326,-1.31990578767514
"620",-1.05838777186202,0.879212571773822,0.0957231881956791,1.23966678897152,0.358314321785751
"621",-1.05838777186202,0.883665052484427,-0.307896453813622,1.17234583894284,-0.307222523510284
"622",0.311290521135888,0.0775421761195844,-0.787762686236031,0.0283542624089069,-1.32114902893904
"623",-1.05838777186202,0.931149888666249,-0.271693386452782,1.1935002951948,-0.232752305410223
"624",0.311290521135888,-0.0127760219821418,-0.850077333348421,-0.124366672923668,-1.32829766427528
"625",-1.05838777186202,0.658304855623607,1.08122442919167,0.598868961645361,1.49361685637009
"626",0.311290521135888,-0.0466422369960499,-0.543798305856832,-0.219564061507617,-1.32290161676915
"627",-1.05838777186202,0.702941596602276,0.100292467101845,1.23405636918795,0.40855835044172
"628",0.311290521135888,0.0262267140750069,-0.81461719520173,-0.0605601069643117,-1.32768132535808
"629",-1.05838777186202,1.04338225160621,1.260402727785,0.757863714751757,1.36602011114342
"630",0.311290521135888,-0.0996615813237363,-0.557605568016824,-0.341870164022761,-1.30472610445253
"631",-1.05838777186202,1.16252964045426,-0.364569464076872,1.18567495280968,-0.261866882235083
"632",0.311290521135888,-0.0973731554836485,-0.82323294891413,-0.262824192185257,-1.31793287619618
"633",0.311290521135888,1.20867127016472,-0.190795916907046,1.23107487784666,-0.0437484658685219
"634",-1.05838777186202,-0.27047267093116,-0.828826355165841,-0.523382244029485,-1.25337346477505
"635",-1.05838777186202,0.777452244471656,-0.391653261096127,1.10308506131565,-0.491194170110916
"636",0.311290521135888,0.237756859119645,-0.788451035166255,0.286181651308977,-1.26365632772671
"637",-1.05838777186202,1.20699226207553,-0.040398609447122,1.24685074714505,0.142661760101978
"638",1.6809688141338,-0.703383141810378,-0.692157212957651,-1.06748086381402,-0.873980418057781
"639",1.6809688141338,-1.41041966671881,-0.859884920832061,-1.25814434467576,-0.598726435019946
"640",1.6809688141338,-1.57114427069411,-0.817027660169576,-1.3032613132655,-0.508645484955183
"641",-1.05838777186202,0.908924796404092,-0.310007498082944,1.17524398907856,-0.297756215377511
"642",0.311290521135888,0.0959117683250719,-0.666018446375683,0.0886076724526338,-1.31292857952777
"643",-1.05838777186202,1.04795910328638,-0.190860343575914,1.22573275705246,-0.0791408822153303
"644",0.311290521135888,0.781780354212692,-0.320568266464815,1.1465515691418,-0.383875521609471
"645",-1.05838777186202,0.911573898055933,-0.525775137956813,1.06680927451081,-0.566879690969819
"646",0.311290521135888,-0.47200339002237,-0.796842626667139,-0.792919233207996,-1.11597064238447
"647",-1.05838777186202,1.3390617946619,-0.257685978041966,1.22325401680342,-0.0940450123577517
"648",-1.05838777186202,0.958188137450765,0.211702866362426,1.2157773486937,0.521940033581933
"649",0.311290521135888,-0.598874216080716,-0.858022022946778,-0.877671328645744,-1.05452086990259
"650",-1.05838777186202,0.762254111990204,-0.205572392352897,1.20098076063397,-0.20274417644096
"651",0.311290521135888,-0.588203186891611,-0.854698164715539,-0.870338938756257,-1.06024336069391
"652",1.6809688141338,-1.43322930253795,-0.848672010242966,-1.26710859311412,-0.581927026710837
"653",-1.05838777186202,1.08079303925286,-0.172950095194575,1.23062673783155,-0.0469234710998805
"654",0.311290521135888,-0.611137193680317,-0.858909183024784,-0.887678909441937,-1.04657923238736
"655",0.311290521135888,0.709334264438173,-0.303410809576652,1.13869235209686,-0.405003759207952
"656",-1.05838777186202,-0.603264511306537,-0.836173745093283,-0.894889278963597,-1.04076192368853
"657",-1.05838777186202,0.979940620028556,0.083204419677835,1.2427611442199,0.32234686221261
"658",0.311290521135888,-0.335195323495382,-0.855205821753565,-0.597300402074752,-1.22350861371884
"659",1.6809688141338,-1.56759969806136,-0.844356861843407,-1.29406970926751,-0.528200477742992
"660",0.311290521135888,1.31814259758023,-0.367768283550498,1.19788292837252,-0.215459443835986
"661",-1.05838777186202,-0.959686835900212,-0.844726828433079,-1.11865910770728,-0.812065238461229
"662",-1.05838777186202,1.42197992007421,0.644805215359873,1.12695777917332,0.82215221294551
"663",0.311290521135888,-0.302149956880636,-0.8437122295908,-0.55976979583047,-1.23935413030388
"664",0.311290521135888,0.891463112276465,0.133526797746806,1.23269527083563,0.419039752163782
"665",-1.05838777186202,1.02306003517847,0.750289815393282,0.985909002806868,1.09369553184839
"666",0.311290521135888,-0.0749366325732224,-0.664442683062111,-0.255536171622168,-1.31888100180009
"667",-1.05838777186202,1.06853006165326,1.20408964699747,0.793109314644399,1.33199998478958
"668",0.311290521135888,-0.285708114703483,-0.831605761554951,-0.543237426307806,-1.245885204494
"669",-1.05838777186202,1.10518218638554,0.543334213220263,1.10894515638532,0.865088800200451
"670",0.311290521135888,-0.2127023555659,-0.847646913358307,-0.433031402351949,-1.28270047158498
"671",-1.05838777186202,0.658006365296639,0.425714313282909,1.03080322497732,1.02035590194468
"672",-1.05838777186202,1.1267108012181,0.00537880766396722,1.24759182464612,0.200842889819238
"673",-1.05838777186202,0.835906600169551,0.353465959131564,1.14088151239973,0.786361246648444
"674",-1.05838777186202,0.289184255036835,-0.188183636809572,1.02885463731942,-0.636583830705056
"675",0.311290521135888,-0.418623369882931,-0.808031751759759,-0.725830780385252,-1.15786999525478
"676",1.6809688141338,1.10017003631186,-0.113557146256923,1.24046400763977,0.0373048176881292
"677",1.6809688141338,1.69169080468369,1.78354681011661,0.826127316007757,1.29788748718185
"678",0.311290521135888,1.71326916790408,0.0415423543853249,1.2472100556166,0.230471722976246
"679",1.6809688141338,1.04093214350568,-0.157709131042423,1.23235590020691,-0.0344227592022744
"680",1.6809688141338,0.258825301364801,-0.816574527786182,0.304349956520961,-1.25732972908316
"681",1.6809688141338,0.77822334448299,0.385218810168325,1.10732262226574,0.868792484523103
"682",-1.05838777186202,0.292405463148698,-0.641097103039948,0.4568527421429,-1.1912301618421
"683",0.311290521135888,1.35388681423464,-0.287730532947009,1.21807950679952,-0.122824928063095
"684",0.311290521135888,2.30809820406647,0.328911832708996,1.23408853232871,0.40830435196803
"685",0.311290521135888,1.78480734960074,0.328911832708996,1.22522407821365,0.469421184557999
"686",-1.05838777186202,1.04093214350568,-0.374993781748929,1.16760644154359,-0.322284319432516
"687",-1.05838777186202,0.868466920002974,0.117630544358828,1.23537668268448,0.397866871284012
"688",-1.05838777186202,0.87727238464853,1.01398182933001,0.780319352822934,1.34461970775352
"689",0.311290521135888,0.224710344411753,-0.548849421861817,0.408082446391114,-1.21498567153634
"690",-1.05838777186202,1.10373948313852,0.864595345867453,0.960011800830563,1.13216462189048
"691",0.311290521135888,0.210084318390322,-0.703798922087773,0.282560466930738,-1.26487972321703
"692",-1.05838777186202,0.874710342675388,0.753829109984005,0.919841572903711,1.18720619043581
"693",0.311290521135888,0.455480678448868,1.39025736101483,0.316771784013369,1.63997544571989
"694",-1.05838777186202,0.617473866313779,2.55053564600536,0.21398943754578,1.67288902149317
"695",1.6809688141338,-0.360019769021552,-0.667259512071636,-0.745880489777168,-1.14593199267168
"696",-1.05838777186202,0.924695035345567,-0.0658424469481534,1.24419368434964,0.0854740177860246
"697",1.6809688141338,-0.585902323954567,-0.804770667212668,-0.899609379719871,-1.03690984897754
"698",-1.05838777186202,0.777178628338602,-0.0418193816020742,1.24565464285594,0.111795041357127
"699",0.311290521135888,-0.287698050216603,-0.533101070871064,-0.74599013668152,-1.14586536790212
"700",-1.05838777186202,1.05614271308409,0.468508911519832,1.13149477558906,0.810761635882426
"701",0.311290521135888,0.00523289441159266,-0.66528509334705,-0.093423150578585,-1.32842245270814
"702",0.311290521135888,1.27335661143807,-0.0335078247603942,1.247139486223,0.153538742809556
"703",0.311290521135888,1.47206410952005,-0.212196633253535,1.23377930104463,-0.0235801152234859
"704",1.6809688141338,-0.608587588804133,-0.849440028268466,-0.891271149395141,-1.04369110082492
"705",-1.05838777186202,0.667694863826141,0.532229199619353,0.952902118500133,1.1422960989193
"706",0.311290521135888,-0.159235275747761,-0.844774621943203,-0.354426114670202,-1.30213011723935
"707",-1.05838777186202,0.394713022716971,0.48475589965603,0.749398499768507,1.37384623979536
"708",0.311290521135888,-0.0291805528684234,0.0511902222204018,-0.773438327985215,1.51587256288379
"709",0.311290521135888,0.258713367492188,-0.177134045879031,1.01124132421592,-0.666293782477979
"710",-1.05838777186202,-0.0186836430367163,-0.837227443381822,-0.134210806049822,-1.32809067970399
"711",-1.05838777186202,1.94953669879619,0.0360755206703184,1.24737586633831,0.221737006967509
"712",1.6809688141338,7.23414625550374,-0.13248810475578,1.24738060157429,0.165706376748633
"713",1.6809688141338,6.94165060926904,-0.650648350739328,1.24170854414002,0.0515364153528264
"714",1.6809688141338,-1.46632441754052,-0.860316246532419,-1.26987123116347,-0.576649195366402
"715",0.311290521135888,-0.0795010471564411,-0.136189026285129,-0.785485054773742,-1.12089330565071
"716",-1.05838777186202,-0.819719746746146,-0.781789037869442,-1.08218616618381,-0.856887600360818
"717",0.311290521135888,-0.0475625821708678,-0.0754588286031324,-0.824796241172512,-1.09403264549871
"718",-1.05838777186202,-0.8286993307491,-0.859655998342434,-1.04214160665766,-0.90222174226583
"719",-1.05838777186202,0.665107947659085,-0.730408844944215,0.805995248744077,-0.931802367221292
"720",0.311290521135888,-0.328255423393377,-0.841056336127253,-0.595490758844524,-1.22430561792914
"721",1.6809688141338,-1.63143931674164,-0.841056336127253,-1.30546210019123,-0.503859205118787
"722",1.6809688141338,-1.65972127522185,-0.841056336127253,-1.30974679720728,-0.49441971460646
"723",-1.05838777186202,0.582227133537644,-0.269869548278549,1.1222767362782,-0.446495540756295
"724",0.311290521135888,-0.393338751769352,-0.806355498101074,-0.696648392566852,-1.17439401592633
"725",1.6809688141338,-1.65147547993936,-0.806355498101074,-1.31866575635017,-0.474231092874614
"726",-1.05838777186202,0.764865902351173,-0.293529759637477,1.15787168822272,-0.351754734547625
"727",0.311290521135888,-0.785604789793098,-0.854624138020028,-1.01879630093634,-0.926968452409786
"728",-1.05838777186202,0.767564752390842,0.400408714576124,1.09434662368239,0.897541086094873
"729",0.311290521135888,-0.562856383293247,-0.782428774744225,-0.893382071984741,-1.04198460966485
"730",-1.05838777186202,0.484757604685643,0.185136437666426,1.15865178679151,0.736613959687539
"731",0.311290521135888,-0.267338522497996,-0.305380984580851,-0.994375473482448,-0.951637848337274
"732",0.311290521135888,0.510104408284007,0.864677852056695,0.582735409697613,1.50450548867684
"733",-1.05838777186202,0.491709941884606,-0.0940465066790936,1.22354226812323,-0.0923531408831657
"734",0.311290521135888,-0.416372255333714,-0.785959907722893,-0.73680782669576,-1.15139411275723
"735",1.6809688141338,-1.61912659075421,-0.785959907722893,-1.32002483929036,-0.471087562292083
"736",1.6809688141338,-1.67141214636143,-0.785959907722893,-1.32722877527067,-0.454109932683298
"737",-1.05838777186202,1.24657954168966,1.57930393865097,0.733395902600677,1.38829292057204
"738",0.311290521135888,-0.0512688370640535,-0.542093315694554,-0.231320915998161,-1.32170784503232
"739",-1.05838777186202,0.763149582971107,-0.615686722585411,0.947932563706403,-0.7621205056996
"740",-1.05838777186202,0.939283750076126,-0.456654365995299,1.11155703946493,-0.471919201135454
"741",-1.05838777186202,0.493513320943371,0.0530638883474905,1.23986095878472,0.356293529897511
"742",0.311290521135888,-0.748778545703425,-0.782342271192895,-1.03864773236925,-0.906000784141553
"743",-1.05838777186202,0.358981243159513,-0.431236761679654,0.760714017954893,-0.976201987826164
"744",0.311290521135888,-0.59438442407924,-0.861908396646436,-0.871406660483917,-1.05941507818302
"745",0.311290521135888,0.425084413485963,-0.358192185451026,0.929575441512261,-0.787190219590049
"746",-1.05838777186202,-0.42907053132681,-0.789734546013117,-0.749336545339731,-1.14382490995482
"747",-1.05838777186202,0.81216418207864,1.37896472570117,0.581897881112063,1.50506140226877
"748",0.311290521135888,-0.932001858073933,-0.857059159347415,-1.09898775599505,-0.83668550453538
"749",-1.05838777186202,0.789441605938203,0.370057260806107,1.1198158104917,0.839594241292521
"750",-1.05838777186202,0.714557845160113,0.15899544591272,1.21534005314418,0.524160891884425
"751",1.6809688141338,-1.65258238156854,-0.861661402583476,-1.30258249721691,-0.510113446398557
"752",0.311290521135888,0.431551703903602,-0.630013363670265,0.659797689768174,-1.06212381990124
"753",-1.05838777186202,0.690280631900051,-0.151761803278682,1.21607853932924,-0.133247449949639
"754",-1.05838777186202,0.394999075946982,-0.366624815476399,0.886634537906261,-0.841858539715562
"755",0.311290521135888,-0.456457018826122,-0.850861229563682,-0.743032517349373,-1.14765736569408
"756",-1.05838777186202,0.705827003096299,0.0773603875650064,1.23956109100341,0.359403884762516
"757",-1.05838777186202,0.991370312132038,-0.137984620672368,1.23470178605566,-0.0162476181105351
"758",-1.05838777186202,0.230543342884585,1.68694875130208,0.0789663201110238,1.70160588011696
"759",-1.05838777186202,0.279980803288656,0.209720913842098,0.977765593019781,1.10606748854856
"760",0.311290521135888,-0.376411862810877,-0.843982103187455,-0.654614314102822,-1.19648557618853
"761",-1.05838777186202,0.082206087478459,0.0881294399686312,0.817920872367704,1.30657960318878
"762",0.311290521135888,-0.310196758611814,-0.812510251606041,-0.586147667207151,-1.22836694208651
"763",-1.05838777186202,1.23682885767537,2.33940843490399,0.527700463164462,1.53914280911548
"764",0.311290521135888,0.18779704064338,-0.383369812941728,0.490558958217272,-1.17328234085292
"765",-1.05838777186202,0.525949269807224,0.513594101544239,0.863005866434072,1.25695967716849
"766",0.311290521135888,-0.20847374260052,-0.85619738212131,-0.423825301273298,-1.28526316452621
"767",-1.05838777186202,0.80764951588325,0.433706232151413,1.08677129108585,0.913657014813901
"768",-1.05838777186202,0.740626000381982,0.0028605649135648,1.24759714484885,0.199455519961839
"769",0.311290521135888,-0.75745963937941,-0.861908396646436,-0.996322774130891,-0.949714526523788
"770",-1.05838777186202,0.772564465367556,0.48768860448383,1.03892534227058,1.00604498955612
"771",-1.05838777186202,0.294743637376614,-0.43757873954528,0.651068411517138,-1.06880079114751
"772",0.311290521135888,-0.438037678232806,0.970436609142356,-0.660144309999083,1.58084531445371
"773",-1.05838777186202,-0.871283950729864,-0.848343145754118,-1.07248802100283,-0.868220203614142
"774",0.311290521135888,0.165360517732954,-0.580753822988045,0.266097519001705,-1.27028554740622
"775",-1.05838777186202,0.155274032100828,0.521166273552466,0.281888640653034,1.65225907184181
"776",0.311290521135888,-0.625949776156103,-0.824507177616027,-0.921363068989172,-1.01869736029284
"777",0.311290521135888,0.164477483849007,-0.401216564458104,0.408645944226699,-1.2147257148953
"778",-1.05838777186202,-1.10225327831829,-0.832258698466367,-1.1827623758253,-0.723573748419491
"779",-1.05838777186202,0.489794628953228,0.20043977815063,1.1469099064956,0.7700442352629
"780",0.311290521135888,0.158047504722239,0.201334972688021,0.730560139798139,1.39080649361698
"781",-1.05838777186202,0.821280574148121,0.546903746305502,1.0209857483745,1.03719768307124
"782",0.311290521135888,-0.0891397972981152,-0.80571030160849,-0.252688785559316,-1.31923917283461
"783",-1.05838777186202,0.558820517064572,0.270234093703267,1.11279537595032,0.85619708010441
"784",0.311290521135888,-0.164831969378411,-0.832905317479455,-0.36645926343038,-1.29951235182855
"785",-1.05838777186202,-0.327782813709011,2.50203627167122,-0.279630605074336,1.70272783200949
"786",0.311290521135888,-0.365728396524814,0.90795987416291,-0.609076527894232,1.60539307425522
"787",-1.05838777186202,0.222782594383418,-0.4415852327836,0.50477370779028,-1.1653244806123
"788",0.311290521135888,-0.354995181850924,-0.844586825395526,-0.62779882515008,-1.20956324330646
"789",-1.05838777186202,0.547925620130241,0.104777038488155,1.2235518857927,0.479450254198297
"790",0.311290521135888,-0.246991431876346,-0.820503616836175,-0.49366761999903,-1.26386770702034
"791",-1.05838777186202,0.930266854782302,0.00511882813450573,1.24758676438065,0.201951861708596
"792",-1.05838777186202,0.0661497953069734,0.0230232195459476,1.17249825211966,0.69388342706123
"793",0.311290521135888,-0.604483346808323,-0.8453367162184,-0.890270065246752,-1.04449796979159
"794",0.311290521135888,-0.18464426483091,-0.122912888777961,-1.22922028058322,-0.649831659334412
"795",0.311290521135888,-0.513443797083091,0.654993688668788,-0.937940638973034,1.39145001490721
"796",0.311290521135888,0.41751022143915,-0.563550646767701,0.700573049873012,-1.02940668498149
"797",-1.05838777186202,0.362264636756161,0.137096664607806,1.16010892395162,0.732298045374333
"798",0.311290521135888,-0.411422290744829,-0.840264675652033,-0.698448132374203,-1.17340358084392
"799",-1.05838777186202,0.32256542326942,1.18274294669493,0.251590363503643,1.66199244021537
"800",1.6809688141338,-1.41931219104306,-0.859374426700068,-1.26028680215143,-0.594755683911616
"801",0.311290521135888,-0.544561413669502,0.126278372332428,-1.42077770790661,0.537401095541628
"802",-1.05838777186202,-1.28985444881766,-0.83414672489821,-1.23905594279944,-0.632951997896978
"803",0.311290521135888,-0.401646732536627,-0.0137346625996881,-1.45492664903723,0.141559562884705
"804",0.311290521135888,-0.153228157917531,-0.526791826871118,-0.481567282451513,-1.26790008699875
"805",-1.05838777186202,-0.92716382735766,-0.756536151891731,-1.15131824825422,-0.768675848417202
"806",-1.05838777186202,0.705715069223686,-0.286245469222902,1.14849401812334,-0.378512217836102
"807",-1.05838777186202,0.572053588226819,-0.149349017774595,1.20377101482846,-0.190904533048941
"808",0.311290521135888,-0.790393072121543,-0.764139873656392,-1.07582629995919,-0.864345739639093
"809",-1.05838777186202,0.41800770531743,-0.100549380355487,1.21012169490412,-0.162389182806904
"810",0.311290521135888,-0.536688731295722,-0.396748228878442,-1.19096545668889,-0.711210139736984
"811",-1.05838777186202,0.903639030197367,0.177577378277371,1.22224063616743,0.487066469104093
"812",0.311290521135888,-0.76135245072695,-0.811519772035997,-1.02886879542328,-0.916435348056736
"813",-1.05838777186202,0.13263851563909,3.56952723160185,-0.0538633353837343,1.7145735735153
"814",0.311290521135888,-0.292511206738962,0.809380140974516,-0.563465489761058,1.62501071209897
"815",1.6809688141338,1.58550287086483,-0.242804792371741,1.23203106108428,-0.036824133878593
"816",-1.05838777186202,1.16014171783851,-0.0271505488390676,1.24723723255539,0.157966494728973
"817",0.311290521135888,0.047917011168013,-0.824679239020696,-0.0256500409798342,-1.32590676592335
"818",-1.05838777186202,0.66591635896129,-0.221362830877673,1.17859604254371,-0.286546937417699
"819",0.311290521135888,-0.217552823379129,-0.835008088878135,-0.444839638739066,-1.27930008879572
"820",0.311290521135888,0.888067784807205,-0.25332004804452,1.19576040750736,-0.223931162245522
"821",-1.05838777186202,-0.418424376331619,-0.805352764192385,-0.72722637299028,-1.15705466845086
"822",0.311290521135888,0.786071152662857,-0.451767086206594,1.06785373918306,-0.564836905156687
"823",-1.05838777186202,0.10943089271733,-0.746197884789613,0.0920706723800447,-1.31236186367411
"824",-1.05838777186202,0.880866705669102,-0.340135639974931,1.15686888374086,-0.354688127340074
"825",0.311290521135888,0.141866841581183,0.216131832296403,0.637654230710126,1.46599868521752
"826",-1.05838777186202,1.10116500406842,0.733343829290684,1.02095718184624,1.03724598673165
"827",0.311290521135888,-0.307970518256511,-0.740236427185334,-0.623261636245422,-1.2116997740326
"828",-1.05838777186202,1.00895636722923,0.0649930737721265,1.24481160491028,0.291418440656759
"829",0.311290521135888,0.28887332761291,-0.667515994902651,0.432776013331636,-1.20327806547618
"830",0.311290521135888,1.36460759181158,0.315925054945278,1.2127777261938,0.536871185096604
"831",-1.05838777186202,-0.479391025614828,-0.797778065024826,-0.800251890932224,-1.11104438854341
"832",-1.05838777186202,0.944047158210657,-0.14450984937769,1.23204420045214,-0.0367274982344044
"833",0.311290521135888,-0.610104914632886,-0.779503746758921,-0.937144345723461,-1.00499862302719
"834",-1.05838777186202,0.91858842073968,3.38413437801308,0.250027657175674,1.66247122318935
"835",0.311290521135888,0.631552660069102,1.40138068460033,0.451300705613443,1.5812183941194
"836",0.311290521135888,1.37909680976648,0.0418668082659057,1.24698480004446,0.239762085141095
"837",0.311290521135888,-1.52231622804093,-0.592894852709216,-1.36356262035479,-0.35879765969177
"838",0.311290521135888,0.705018591794095,0.429599065786015,1.0502003317976,0.985575331558399
"839",-1.05838777186202,0.234398842941255,-0.838907281156415,0.259681319188571,-1.27232350372263
"840",0.311290521135888,0.887781731577194,0.0256414599248641,1.24704379727544,0.23751923031277
"841",0.311290521135888,-0.21282672653547,-0.772444532465683,-0.463090717109627,-1.27379186171824
"842",-1.05838777186202,-0.0549129064724542,0.138496464519124,-0.60224824671832,1.60846594971194
"843",-1.05838777186202,-0.491641566117472,-0.798818825529115,-0.812520440705543,-1.10264260558302
"844",0.311290521135888,-0.0790657487629461,-0.57990406963637,-0.286654471274647,-1.31451682897734
"845",0.311290521135888,0.805746640048829,-0.0063338208682734,1.24756546744091,0.181612724022634
"846",-1.05838777186202,-0.134522764094204,-0.852751814943024,-0.314676384975909,-1.30987739088251
"847",0.311290521135888,0.933749241930262,1.50824319839161,0.60744013226176,1.48769112577138
"848",0.311290521135888,0.370771611074748,0.668343741612879,0.551653464756513,1.52453303178405
"849",-1.05838777186202,0.699123407836477,0.50919558867491,0.988531107469743,1.08965554685937
"850",0.311290521135888,-0.114573660575178,-0.843932863315702,-0.285890170302163,-1.31463392167234
"851",0.311290521135888,0.848617313259604,0.0165946586585737,1.2473488660205,0.223334704749144
"852",-1.05838777186202,-0.753877755455794,-0.835620686604752,-1.00947496757845,-0.936527179208251
"853",0.311290521135888,0.416987863366956,-0.0413310438229621,1.24101612136732,0.0434501765749942
"854",-1.05838777186202,0.330040118540577,-0.0131184569160388,1.24654073903212,0.133126202422514
"855",0.311290521135888,-0.788490196287122,-0.839755484834916,-1.0292728386157,-0.916008323631324
"856",-1.05838777186202,0.048190627301067,0.192961556072014,0.223453313309003,1.67026833606727
"857",0.311290521135888,-0.444318412196091,-0.515857634936338,-0.986167801111102,-0.959663381534203
"858",-1.05838777186202,0.047369778901905,-0.409925171408329,0.0511071142353646,-1.31840790386641
"859",0.311290521135888,-1.08481646838458,-0.826037595108387,-1.1794428799715,-0.728503450980019
"860",1.6809688141338,-1.49306417599807,-0.790797160882694,-1.29852054281618,-0.518817213598125
"861",-1.05838777186202,1.15838808716758,9.81388454815775,0.0543898034787892,1.70512991028137
"862",0.311290521135888,-0.372232998233325,-0.84848595409747,-0.647075136387085,-1.20024086998075
"863",1.6809688141338,-1.60993557610299,-0.861535767797719,-1.2958036102011,-0.52456379811227
"864",0.311290521135888,1.69896650640354,-0.204439827620316,1.23792636406136,0.011737932130598
"865",-1.05838777186202,-0.160292428989106,-0.828344541908147,-0.3608499389353,-1.3007484975001
"866",0.311290521135888,1.4982815099054,0.189086729424269,1.23697013251587,0.384151140184393
"867",0.311290521135888,1.0353727611659,-0.0732660013253835,1.24423573374798,0.0861410717742957
"868",1.6809688141338,-1.30277659255598,-0.859659463252712,-1.23223301386909,-0.644712956893744
"869",-1.05838777186202,1.53938611534828,-0.6263191494443,1.14794714899926,-0.380028095768518
"870",0.311290521135888,-0.279278135576715,-0.802630195047107,-0.548248576802645,-1.24393415865971
"871",-1.05838777186202,0.835956348557379,-0.0281191343086144,1.24684320378028,0.14240860685051
"872",0.311290521135888,-0.0480103176613198,-0.715568610381019,-0.194539386453441,-1.32505523714261
"873",1.6809688141338,-1.45782988031889,-0.830422216548435,-1.27853490357116,-0.559774802770815
"874",-1.05838777186202,1.07563164401571,0.75847559440245,1.00059363062594,1.07070266067247
"875",0.311290521135888,0.0212767494861213,-0.769503364038234,-0.0666953728606036,-1.32788804880334
"876",-1.05838777186202,1.13127521580132,1.28683092563379,0.788385774087113,1.33669801135026
"877",0.311290521135888,-0.0155494946035526,0.596309417194598,-0.139288758684744,1.715106067732
"878",-1.05838777186202,0.239336370433184,0.845319430119855,0.264168697527647,1.65805598033086
"879",0.311290521135888,-0.7644617249662,-0.71401968422802,-1.09185737697487,-0.845349081960262
"880",1.6809688141338,-1.57416648525466,-0.861454620552646,-1.28977880711587,-0.537099959902139
