"","can_party","general_votes","ttl_disb","state"
"1","REP",0.884908762180127,0.0700811673631778,"AL"
"2","REP",-0.0254494237813237,0.608720034418915,"AL"
"3","DEM",-0.308977923110028,-0.832628315386195,"AL"
"4","REP",0.686922615721661,-0.0105502034308165,"AL"
"5","DEM",-0.52712460373579,-0.856068910241587,"AL"
"6","REP",1.23118241565689,0.246275788801816,"AL"
"7","REP",0.854611993992878,-0.766763422659313,"AL"
"8","DEM",-0.431545513621253,-0.813231882747838,"AL"
"9","REP",1.3479418818892,-0.250003358045095,"AL"
"10","DEM",-0.661942734749658,-0.705050859337076,"AL"
"11","DEM",1.14915976122548,0.00194930940444874,"AL"
"12","REP",0.225804808943969,0.188734349638372,"AK"
"13","DEM",-0.322285616854017,0.0107547590075449,"AK"
"14","REP",-1.59206346777578,-0.80185855317049,"AS"
"15","DEM",-1.68337663363407,-0.831576572069968,"AS"
"16","DEM",-1.69087620309914,-0.855357649989499,"AS"
"17","DEM",0.0657518082043495,0.400642182773731,"AZ"
"18","REP",-0.188885314893247,0.166216056680369,"AZ"
"19","REP",0.533224971527068,5.4992364228347,"AZ"
"20","DEM",0.14975196105192,-0.35128760469952,"AZ"
"21","REP",0.82774786456576,-0.295385664125868,"AZ"
"22","DEM",-0.691953449706896,-0.833887953319121,"AZ"
"23","REP",0.848853618101787,-0.109268413824715,"AZ"
"24","DEM",-0.273519759685624,-0.84708725882498,"AZ"
"25","REP",0.804005446474849,-0.220724667517191,"AZ"
"26","DEM",-0.174943329204451,-0.856644347600173,"AZ"
"27","DEM",-0.217241895955204,-0.278294135897497,"AZ"
"28","REP",-1.21443589287042,-0.836382211897001,"AZ"
"29","REP",0.845843840638193,-0.575100805974872,"AZ"
"30","DEM",0.399513742142373,1.07849124279838,"AZ"
"31","REP",-0.355480228632247,-0.644380343939919,"AZ"
"32","REP",0.583719585172484,-0.219028077378225,"AR"
"33","REP",0.491759690272434,0.442014053883389,"AR"
"34","DEM",-0.318206249052122,-0.839002772812159,"AR"
"35","REP",0.99819827836143,-0.410356973931203,"AR"
"36","REP",0.571518793057668,-0.492800993464403,"AR"
"37","REP",0.603395072558456,-0.219096398097635,"CA"
"38","DEM",-0.103778260416503,-0.75468963285985,"CA"
"39","DEM",1.4583957399643,-0.259871796028739,"CA"
"40","REP",-0.750706295731759,-0.85854838732149,"CA"
"41","DEM",0.193779284279696,-0.162934541570858,"CA"
"42","REP",-0.403947595473672,-0.559901706839569,"CA"
"43","REP",1.03477578051196,-0.0667926191215651,"CA"
"44","DEM",-0.0757077325845564,-0.789680927321264,"CA"
"45","DEM",1.08941194744406,0.740161262780465,"CA"
"46","REP",-0.862727228023449,-0.859762695327289,"CA"
"47","DEM",0.505353437246434,-0.0643833462100078,"CA"
"48","REP",-0.983578499154607,-0.8596792513871,"CA"
"49","DEM",0.189053187436037,2.46991373219125,"CA"
"50","REP",0.102428807130539,0.215186094572384,"CA"
"51","REP",0.000494360470976069,-0.138993020821948,"CA"
"52","DEM",-0.670325338098675,-0.836792318995425,"CA"
"53","DEM",-0.0468785418382329,0.0555253415363129,"CA"
"54","REP",-0.471866581955843,-0.808632476605743,"CA"
"55","REP",-0.152494369197068,2.46238265433681,"CA"
"56","DEM",-0.254491001341416,0.399273916724762,"CA"
"57","DEM",0.969294465033365,-0.523509968756441,"CA"
"58","REP",-0.666519586429834,-0.855718048340697,"CA"
"59","DEM",1.70516018068812,1.98093570759371,"CA"
"60","Other",-0.896991430139981,-0.846376491289491,"CA"
"61","DEM",1.94248486482157,0.230318033256398,"CA"
"62","REP",-1.33298630106454,-0.858315538993153,"CA"
"63","DEM",1.17776508422658,-0.377927901150192,"CA"
"64","REP",-1.02127534003127,-0.858618273608159,"CA"
"65","DEM",0.766694155603852,0.227007398902918,"CA"
"66","REP",-0.824744333916774,-0.861405547568773,"CA"
"67","DEM",-0.490758532233525,0.537355701264017,"CA"
"68","REP",-0.826435779102926,-0.425662483957852,"CA"
"69","DEM",0.0663612259552424,2.06190019454398,"CA"
"70","DEM",-0.572209080204911,1.50999304960554,"CA"
"71","DEM",1.16321368078689,0.18372684699946,"CA"
"72","REP",-0.540544231352391,-0.840943098726896,"CA"
"73","DEM",0.558049417053238,0.0578273929582483,"CA"
"74","REP",-0.906306815760773,-0.857537523588914,"CA"
"75","DEM",0.547826123354585,-0.0221991523161299,"CA"
"76","REP",-0.772608023473034,-0.529065308677341,"CA"
"77","REP",-0.76869033793158,1.38080516524598,"CA"
"78","DEM",-0.990617896032269,-0.341063035926192,"CA"
"79","REP",0.271411643485284,0.228769758760837,"CA"
"80","REP",0.375398211142752,5.62403370163164,"CA"
"81","DEM",-0.776873947729285,-0.82983620167705,"CA"
"82","DEM",0.361941272235279,1.6178115130697,"CA"
"83","REP",0.0976032135112237,0.962584597946902,"CA"
"84","REP",0.0226697043453052,0.472899302512316,"CA"
"85","DEM",-0.18066439380467,0.491904120818803,"CA"
"86","DEM",0.401914101855074,0.745798266504163,"CA"
"87","REP",-0.321788132975737,-0.518729417740759,"CA"
"88","DEM",0.398543648579727,-0.209363862477913,"CA"
"89","REP",-0.687488531899334,-0.696412559866741,"CA"
"90","DEM",0.919732633659724,-0.0883133993774229,"CA"
"91","DEM",-0.10602937496572,0.422152361675664,"CA"
"92","DEM",-1.16305824534106,-0.805616057638328,"CA"
"93","DEM",0.850035142312702,-0.445522229140307,"CA"
"94","DEM",-0.197280355339221,0.736958453891793,"CA"
"95","REP",-0.523182044000421,-0.307786395230034,"CA"
"96","DEM",-0.273693879043022,-0.182357580905572,"CA"
"97","DEM",-0.811051090167118,-0.71326770333312,"CA"
"98","DEM",1.02562207715161,0.025435981208909,"CA"
"99","REP",-0.324735724954546,-0.803124993771302,"CA"
"100","DEM",-0.175241819531419,0.464102411873371,"CA"
"101","DEM",-1.25139894502662,-0.86190696617889,"CA"
"102","DEM",-0.160292428989106,-0.509440342954411,"CA"
"103","REP",-1.11465306398442,-0.85893012348025,"CA"
"104","DEM",0.0922303876258002,1.20688481237071,"CA"
"105","REP",-0.605229572625743,-0.574195733264372,"CA"
"106","DEM",0.690977109329643,-0.322122278724644,"CA"
"107","DEM",0.331545007272374,0.330992908683227,"CA"
"108","REP",0.172188483962346,2.04940115058419,"CA"
"109","DEM",-0.301640035905399,-0.801102789483635,"CA"
"110","DEM",-0.377817254767017,-0.374687153083381,"CA"
"111","DEM",-0.109051589526271,-0.0679089401004562,"CA"
"112","REP",-0.842902495473992,-0.661266973586396,"CA"
"113","REP",0.156890854705238,0.152226759578094,"CA"
"114","DEM",-0.40101244059182,-0.735448644361502,"CA"
"115","DEM",0.374166938544009,-0.0268611096251985,"CA"
"116","REP",-1.05010453077759,-0.859368426683417,"CA"
"117","DEM",-0.544847466899513,0.645303407470969,"CA"
"118","DEM",-0.6422921215576,0.681104751862613,"CA"
"119","REP",0.568198088170149,0.481894622841031,"CA"
"120","DEM",-0.0957812070731527,-0.768322902483985,"CA"
"121","DEM",-0.269689133822869,-0.132339550701118,"CA"
"122","DEM",-1.08933113457997,-0.644164335393417,"CA"
"123","DEM",0.221713004045116,-0.392856753177869,"CA"
"124","REP",-0.607219508138863,-0.807321906081134,"CA"
"125","REP",0.519481979389585,-0.338112323101394,"CA"
"126","DEM",-0.114635846059963,-0.780575453044458,"CA"
"127","REP",0.235754486509568,4.15371855090593,"CA"
"128","DEM",0.215593952342273,0.768498324205024,"CA"
"129","REP",0.534854231228435,-0.117705279623433,"CA"
"130","DEM",-0.41398433271797,-0.843110392158947,"CA"
"131","DEM",0.102354184548797,-0.0123446772851449,"CA"
"132","REP",-1.02693421914671,-0.80119051687942,"CA"
"133","DEM",0.551221450823846,1.20432712845125,"CA"
"134","REP",0.0307289431734405,0.281379080925048,"CA"
"135","DEM",0.771793365356222,-0.48770549323028,"CA"
"136","REP",-0.48460216923981,-0.765559104085211,"CA"
"137","DEM",1.49645325665272,0.0729154003945131,"CO"
"138","REP",-0.396771390529484,-0.813675883980063,"CO"
"139","DEM",1.53278201686412,0.19644027036216,"CO"
"140","REP",0.411279235863694,-0.729100420120925,"CO"
"141","REP",0.83686425663524,0.760971807952643,"CO"
"142","DEM",0.173892366245455,0.477197762123838,"CO"
"143","REP",1.38422089371276,-0.25817019130632,"CO"
"144","DEM",-0.16529214196582,-0.80338285144057,"CO"
"145","REP",1.10084163954754,-0.591622372356543,"CO"
"146","DEM",-0.314114444153269,-0.850957738440792,"CO"
"147","REP",0.680231457558796,1.97896562795402,"CO"
"148","DEM",0.291522429264751,1.62724496176666,"CO"
"149","DEM",0.781369930013111,0.519489638435769,"CO"
"150","REP",0.0887231262839265,-0.821124368227804,"CO"
"151","DEM",0.622958626071816,0.42183269191432,"CT"
"152","DEM",-1.53308675400569,0.42183269191432,"CT"
"153","REP",-0.388761900089176,-0.84508467578382,"CT"
"154","DEM",0.612872140439689,0.0558535782088489,"CT"
"155","DEM",-1.42186179591925,0.0558535782088489,"CT"
"156","REP",-0.320668794249607,-0.82153910845167,"CT"
"157","DEM",0.688290696386931,0.0526998979333439,"CT"
"158","DEM",-1.43815439293292,0.0526998979333439,"CT"
"159","DEM",0.632783932667845,0.0477481914757713,"CT"
"160","REP",-0.202466624770289,-0.733810409351375,"CT"
"161","REP",-1.63997116525414,-0.733810409351375,"CT"
"162","DEM",0.330413231449287,0.288290297456559,"CT"
"163","DEM",-1.50711809555948,0.288290297456559,"CT"
"164","REP",-1.64208547173683,-0.783286745337248,"CT"
"165","REP",-0.149646273993915,-0.783286745337248,"CT"
"166","DEM",1.20169405877185,0.291429720738855,"DE"
"167","REP",0.439884558864791,-0.685749894513336,"DE"
"168","DEM",1.59500481293998,-0.491088922487772,"DC"
"169","REP",1.46975080948604,0.023157246407975,"FL"
"170","DEM",-0.2842281001656,-0.818516935825903,"FL"
"171","REP",1.17195695994766,0.765594634027284,"FL"
"172","DEM",-0.424493679646634,-0.753222259251063,"FL"
"173","Other",-1.58619315801208,-0.839677365412815,"FL"
"174","REP",0.707804501512462,-0.230401923513298,"FL"
"175","DEM",-0.00739075899976125,-0.383431370728462,"FL"
"176","DEM",-1.54733966711841,-0.855743876226946,"FL"
"177","REP",1.87273762508672,-0.199728471498655,"FL"
"178","DEM",-0.296553263249986,-0.822018823690296,"FL"
"179","DEM",0.716585091964103,-0.547685744460108,"FL"
"180","REP",0.952516821238373,2.25990173742995,"FL"
"181","DEM",0.175596248528564,-0.828119076381756,"FL"
"182","DEM",0.560997009032047,-0.0100667848706545,"FL"
"183","REP",0.430954723249666,0.590826029791267,"FL"
"184","REP",1.36249328532889,-0.247722755689309,"FL"
"185","DEM",-0.121948859070678,-0.812711438919358,"FL"
"186","Other",-1.49221845340499,-0.850806379080331,"FL"
"187","DEM",0.726062159845337,0.0836906753319634,"FL"
"188","REP",0.0934989715154141,-0.836497388375587,"FL"
"189","DEM",0.765612128168593,-0.850473914581492,"FL"
"190","REP",-0.36607663523961,-0.821589135080574,"FL"
"191","REP",1.50593032453395,-0.0589313814104388,"FL"
"192","DEM",-0.151972011124874,-0.816417112779776,"FL"
"193","REP",1.45049818339661,0.530219551657924,"FL"
"194","DEM",-0.258968356245936,-0.826915981652111,"FL"
"195","DEM",0.594005064355922,0.714297138020306,"FL"
"196","REP",0.425557023170329,0.910506424276641,"FL"
"197","DEM",0.732007092190782,-0.188042521186149,"FL"
"198","REP",-0.197056487593995,-0.835162881360707,"FL"
"199","REP",0.572936622110766,0.0911508894135831,"FL"
"200","DEM",-0.0181239736736513,-0.832050136298146,"FL"
"201","REP",1.16562647759655,-0.132239942477658,"FL"
"202","DEM",0.227968863814487,-0.81818263556038,"FL"
"203","REP",0.900641689830731,-0.131943708542945,"FL"
"204","DEM",-0.260659801432088,-0.743057348921449,"FL"
"205","REP",-1.53696712825627,-0.855709703946678,"FL"
"206","REP",0.802886107748719,1.42122808007964,"FL"
"207","DEM",0.310750181160271,7.77095403343321,"FL"
"208","Other",-1.54753866066972,-0.840705569590866,"FL"
"209","REP",1.27222483561499,2.98184080326014,"FL"
"210","DEM",-0.16317783548313,-0.8498905142869,"FL"
"211","DEM",1.06936334714938,-0.191901938519605,"FL"
"212","DEM",0.916287557802635,-0.142883836918041,"FL"
"213","REP",-0.234989633312842,-0.822311998013868,"FL"
"214","DEM",0.773348002475847,0.501200157213876,"FL"
"215","REP",0.0224458366000792,-0.842320384668446,"FL"
"216","DEM",0.575747406023048,2.50954553489559,"FL"
"217","REP",-0.0760435342023953,-0.763950424123995,"FL"
"218","Other",-1.63861552168583,-0.843265144906309,"FL"
"219","Other",-1.65457231708166,-0.853645062455143,"FL"
"220","REP",0.261039104623147,0.35378927658515,"FL"
"221","DEM",-0.5175480390789,-0.832045558801999,"FL"
"222","REP",0.144453757748239,2.19986619862946,"FL"
"223","DEM",-0.266642045068404,0.251577896231848,"FL"
"224","REP",0.260989356235319,1.86910432968136,"FL"
"225","DEM",-0.0892019827829002,-0.15584991263755,"FL"
"226","REP",0.911772891607245,-0.0773312470446393,"GA"
"227","DEM",0.144404009360411,-0.0203904850449273,"GA"
"228","REP",-0.53325609253559,-0.826180578286662,"GA"
"229","REP",0.874150673312323,0.104635652665307,"GA"
"230","DEM",1.03493746277241,-0.503806216059888,"GA"
"231","DEM",1.45325921892106,-0.0206962633769896,"GA"
"232","REP",-1.12138153343816,-0.853876369057347,"GA"
"233","REP",0.79791126896592,1.09507189543675,"GA"
"234","DEM",-0.149434843345646,-0.861908396646436,"GA"
"235","REP",0.462022591448249,-0.551766931945461,"GA"
"236","REP",0.460803755946464,-0.0322626504437675,"GA"
"237","REP",1.48751098394064,0.19807918087085,"GA"
"238","REP",1.32819177192148,-0.523813164299878,"GA"
"239","REP",1.00743904140048,-0.134463898318618,"GA"
"240","REP",0.280577783942592,0.0109358244107131,"GA"
"241","DEM",-0.466543504458248,-0.853611684879068,"GA"
"242","DEM",1.44146885100583,-0.115849398976168,"GA"
"243","REP",0.992614021827738,-0.243867081412599,"GA"
"244","DEM",-1.47488114024694,-0.709551253283854,"GU"
"245","REP",-1.50880954074563,-0.761027613363388,"GU"
"246","DEM",0.105525644272832,-0.472605533442963,"HI"
"247","DEM",-0.0976218974227885,-0.472605533442963,"HI"
"248","DEM",0.421813456986272,0.167760007985124,"HI"
"249","REP",1.30987192810382,-0.164493179009086,"ID"
"250","DEM",-0.297000998740438,-0.607265949546587,"ID"
"251","REP",0.850196824573143,-0.120365234025402,"ID"
"252","Other",-1.39205007451332,-0.860796351176099,"ID"
"253","DEM",1.20770117660208,-0.367847555293678,"IL"
"254","REP",-0.6854737221923,-0.845895107172062,"IL"
"255","DEM",1.22031239291647,-0.195320255291138,"IL"
"256","DEM",1.09928700242792,-0.324848662450045,"IL"
"257","DEM",0.427397713519964,-0.416482816097655,"IL"
"258","DEM",0.944096906598485,-0.202663409445236,"IL"
"259","Other",-0.63068831009672,-0.856859640912902,"IL"
"260","REP",0.890779071943831,1.80598979690536,"IL"
"261","DEM",0.082815505229352,-0.778719945908163,"IL"
"262","DEM",1.41349781994954,-0.461977978120773,"IL"
"263","DEM",0.0997672683817415,1.24147679181664,"IL"
"264","REP",-0.414345008529723,-0.611378488112325,"IL"
"265","DEM",0.999616107414528,0.177065262948826,"IL"
"266","REP",-0.340555712283849,-0.701116215304779,"IL"
"267","Other",-1.70205715326348,-0.849165926845508,"IL"
"268","DEM",0.167934996803053,3.15738175665951,"IL"
"269","REP",-0.0173777478562314,3.62836594588877,"IL"
"270","DEM",0.368707052979886,0.538312660211231,"IL"
"271","REP",-0.347458301094983,-0.264974694958892,"IL"
"272","REP",0.410968308439769,0.99843456234103,"IL"
"273","DEM",-0.157780135403792,-0.0707490936780241,"IL"
"274","Other",-1.46947100307064,-0.858375149754616,"IL"
"275","Other",0.629948274561649,1.01737423874488,"IL"
"276","DEM",-0.12587898170909,-0.843362376964234,"IL"
"277","REP",0.79069775273086,0.172656832171178,"IL"
"278","DEM",0.00816804929344441,-0.84384845778344,"IL"
"279","REP",1.7116150340088,1.83881591184787,"IL"
"280","REP",1.52714801194259,-0.0477813716581625,"IL"
"281","DEM",0.450132726757358,0.873326895927709,"IL"
"282","REP",1.41252772638689,0.909406450362985,"IL"
"283","DEM",-0.499501811394295,-0.812682034864244,"IL"
"284","DEM",0.877844491108552,-0.107205790881829,"IN"
"285","REP",0.341059386444478,0.791474970752965,"IN"
"286","DEM",-0.429468518429434,-0.346077833949589,"IN"
"287","REP",0.801741894828675,0.41854110662033,"IN"
"288","REP",0.702444112723996,0.0747739671419487,"IN"
"289","Other",-1.51939351025604,-0.86039250634671,"IN"
"290","REP",1.05746104536153,0.11814153120742,"IN"
"291","DEM",-0.162717662895721,-0.74436892077334,"IN"
"292","Other",-1.51239142466924,-0.855970811956092,"IN"
"293","REP",0.845570224505139,0.21645131132874,"IN"
"294","DEM",0.271212649933972,-0.0803448686532973,"IN"
"295","REP",-0.52828125375279,-0.85785381585744,"IN"
"296","Other",-1.56032399634152,-0.847434830650514,"IN"
"297","REP",0.631428289099532,-0.077327058953546,"IN"
"298","DEM",-0.541962060405489,-0.852968769187516,"IN"
"299","REP",0.470852930287719,2.00040475235412,"IN"
"300","DEM",-0.0784190197211821,0.266452183869683,"IN"
"301","REP",0.870232987770868,1.0485382775515,"IA"
"302","DEM",0.5033386275394,1.47861541020612,"IA"
"303","DEM",0.766607095925153,-0.306142986695615,"IA"
"304","REP",0.422870610227617,-0.695959499006724,"IA"
"305","REP",0.891313867112982,1.09970445663774,"IA"
"306","DEM",0.224735218605667,0.697048266308905,"IA"
"307","REP",1.11668650107076,-0.101018867751159,"IA"
"308","DEM",0.0753781212490666,-0.743167423399121,"IA"
"309","REP",0.411167301991081,0.437930784273053,"KS"
"310","REP",-1.69216966118266,0.209253651618165,"KS"
"311","DEM",-0.860563173152931,-0.744704134948684,"KS"
"312","REP",0.550910523399921,0.354642669682026,"KS"
"313","REP",0.486162996641784,2.38147312912848,"KS"
"314","DEM",0.0294479221868696,-0.409029929188688,"KS"
"315","REP",0.373930633701826,0.299329922796528,"KS"
"316","DEM",-0.689478467412454,-0.651954502708628,"KS"
"317","Other",-1.466473662704,-0.792135697047829,"KS"
"318","REP",0.99530043477045,-0.0109931238653398,"KY"
"319","DEM",-0.686804491566699,-0.848067892010081,"KY"
"320","REP",0.906387628624864,-0.0109931238653398,"KY"
"321","DEM",-0.697960567537127,-0.848067892010081,"KY"
"322","REP",1.42893225727317,0.185732187664167,"KY"
"323","DEM",0.938612146840448,-0.25139900960053,"KY"
"324","REP",-0.184557205152211,-0.858189181026581,"KY"
"325","REP",1.20627091045202,-0.519846851305519,"KY"
"326","REP",1.04856852103728,0.22156386591483,"KY"
"327","REP",0.810485173989445,1.20789045489675,"KY"
"328","DEM",-0.102037066842523,-0.502944295787029,"KY"
"329","REP",1.32719680416492,2.03938053469477,"LA"
"330","DEM",-1.54498905579354,-0.857882385473153,"LA"
"331","DEM",0.76309983458328,0.0724012267821101,"LA"
"332","DEM",-0.992570520254518,-0.826261852684406,"LA"
"333","REP",-0.646980907110388,-0.560623989638804,"LA"
"334","REP",-0.564647325255055,0.732033171348614,"LA"
"335","DEM",-1.3569152756098,-0.850259233190991,"LA"
"336","REP",-1.38387890181258,-0.275212559133357,"LA"
"337","REP",-1.39357983743903,-0.409233921807803,"LA"
"338","REP",-1.43431132997321,-0.749942538890663,"LA"
"339","REP",-1.67248173669974,-0.736721879683158,"LA"
"340","REP",-0.825229380698097,-0.062660014274972,"LA"
"341","DEM",-0.700696728867667,-0.488495866284708,"LA"
"342","REP",-1.07606075212685,-0.238601442957951,"LA"
"343","REP",-1.14932769030053,-0.18136202317574,"LA"
"344","REP",-1.44164921717784,-0.0658840417655772,"LA"
"345","REP",-1.53862126215156,-0.711950576498924,"LA"
"346","REP",0.890654700974261,-0.512649469741411,"LA"
"347","REP",0.877446504005928,0.412386710732249,"LA"
"348","DEM",1.1269719802542,-0.626259618153256,"ME"
"349","REP",0.343720925193276,-0.78079108807999,"ME"
"350","REP",0.695802702948958,1.83122648681163,"ME"
"351","DEM",0.275466137093265,1.91832461197648,"ME"
"352","REP",1.31387667332398,-0.210578559888766,"MD"
"353","DEM",0.687158920563844,0.0522840292295257,"MD"
"354","REP",-0.427279589365002,-0.682416793872341,"MD"
"355","DEM",0.966458806927169,-0.257200771397371,"MD"
"356","REP",-0.272176553214268,-0.4089173116576,"MD"
"357","DEM",1.25078328046112,0.313140419402583,"MD"
"358","DEM",1.31903806856113,2.19503897463657,"MD"
"359","REP",-0.385565566171228,-0.81974603327672,"MD"
"360","DEM",0.60739981777861,0.695439626082899,"MD"
"361","REP",-0.0478983837887068,0.0735734234127601,"MD"
"362","DEM",1.26741167909263,-0.0455437389580529,"MD"
"363","DEM",1.04129281931743,0.889216998305239,"MD"
"364","REP",-0.152743111136208,-0.809642386693288,"MD"
"365","Other",-1.56373176090774,-0.851529400954464,"MD"
"366","DEM",1.22966508982814,0.258287202269227,"MA"
"367","Other",-1.36088270953908,-0.847722926814298,"MA"
"368","DEM",1.72321884546968,-0.163172642893906,"MA"
"369","DEM",1.24098284805901,0.0493535893086731,"MA"
"370","REP",-0.365815456203513,-0.827887213486618,"MA"
"371","DEM",1.60302674047725,0.566706097951191,"MA"
"372","REP",-0.296963687449567,-0.847100935684129,"MA"
"373","DEM",1.84906982957756,-0.330251196648855,"MA"
"374","DEM",2.1390656193239,0.437305558696821,"MA"
"375","DEM",1.44794857852043,-0.30891096523844,"MA"
"376","DEM",1.66764989626581,-0.441735861016204,"MA"
"377","REP",-0.425202594173183,-0.823659999105934,"MA"
"378","DEM",0.931013080599722,-0.508937207783239,"MA"
"379","REP",-0.113541381527747,-0.653850722540693,"MA"
"380","Other",-1.37677731945013,-0.817937278588056,"MA"
"381","Other",-1.59933916949562,-0.855067582959319,"MA"
"382","REP",0.756732040941296,0.232642272819382,"MI"
"383","DEM",0.0920562682684022,0.775149600942284,"MI"
"384","Other",-1.53655670405669,-0.856989662465801,"MI"
"385","REP",0.939942916214847,0.178375388439088,"MI"
"386","DEM",-0.330096113743013,-0.84912307639546,"MI"
"387","REP",0.828469216189266,-0.226703489408072,"MI"
"388","DEM",-0.106116434644419,-0.840999014113864,"MI"
"389","REP",0.716871145194115,-0.0310037436386982,"MI"
"390","Other",-0.443447815409101,-0.851806895764324,"MI"
"391","DEM",0.725664172742713,-0.300398491282869,"MI"
"392","REP",0.700541236889575,1.16211064572604,"MI"
"393","DEM",-0.21083679102235,0.0536380462323265,"MI"
"394","Other",-1.50096173256576,-0.854651952666758,"MI"
"395","REP",0.589378464287918,1.18462718238778,"MI"
"396","DEM",-0.0363443207156548,1.17383443985218,"MI"
"397","REP",0.854388126247652,0.402808371566955,"MI"
"398","DEM",0.0853029246207518,-0.248680215300164,"MI"
"399","Other",-1.67505621576983,-0.861908396646436,"MI"
"400","DEM",0.780163531608282,0.155149053780975,"MI"
"401","REP",0.972577858630013,2.29360848792905,"MI"
"402","DEM",-0.333566063794015,-0.823423956066744,"MI"
"403","REP",0.795224856023208,0.23225474326706,"MI"
"404","DEM",0.193132555237933,0.0675879975300417,"MI"
"405","REP",-1.49645950346733,-0.820485847250436,"MI"
"406","DEM",0.925888996653438,-0.0225059876047678,"MI"
"407","REP",-0.507784917967656,-0.845956299394867,"MI"
"408","Other",-1.60989826481212,-0.861456488107498,"MI"
"409","DEM",0.769094515316553,-0.367449321075886,"MI"
"410","DEM",1.33329098167385,-0.305209431786864,"MI"
"411","DEM",0.399750046984556,0.417651395541866,"MN"
"412","REP",0.368060323938122,-0.567137329569409,"MN"
"413","REP",0.460642073686023,-0.0386171528474631,"MN"
"414","DEM",0.377873193437195,2.95189096120073,"MN"
"415","Other",-1.34399313187148,-0.858649902835012,"MN"
"416","REP",1.07139059395337,3.73340870628535,"MN"
"417","Other",0.401851916370289,0.707482787982791,"MN"
"418","Other",0.825409690337844,-0.0935436417073467,"MN"
"419","REP",-0.197752965023587,-0.812133665130447,"MN"
"420","DEM",1.4057868198362,1.10297223259413,"MN"
"421","REP",1.22440419781533,0.543071269444165,"MN"
"422","DEM",0.455903539745406,-0.317570840927595,"MN"
"423","REP",0.248987557671815,-0.846360930981406,"MN"
"424","Other",0.524419506881513,1.43709319695737,"MN"
"425","REP",0.499433379094902,2.14017943960489,"MN"
"426","REP",0.864661168334133,-0.106200291402551,"MS"
"427","DEM",0.689148856076964,-0.043754565780687,"MS"
"428","REP",-0.664019729941477,-0.861908396646436,"MS"
"429","REP",0.902407757598625,0.0546149522547665,"MS"
"430","REP",0.552092047610836,-0.377715460825512,"MS"
"431","DEM",-0.739102484270879,-0.813370208959545,"MS"
"432","DEM",1.24446523520697,-0.275401857671957,"MO"
"433","REP",1.30616567321064,0.351549474342595,"MO"
"434","DEM",0.233279504215125,-0.493712988048418,"MO"
"435","REP",1.40455554723746,-0.0571200359861084,"MO"
"436","Other",-1.6582039493931,-0.860403226906264,"MO"
"437","REP",1.09963524114271,-0.131777273643956,"MO"
"438","DEM",-0.55248384443111,-0.689984126132038,"MO"
"439","DEM",0.669535554175777,-0.231564559852515,"MO"
"440","REP",-0.163687756458367,-0.763523294461772,"MO"
"441","REP",1.26181498546198,0.302795961554808,"MO"
"442","REP",1.14122489336692,0.441876379329119,"MO"
"443","DEM",-0.549424318579689,-0.845247963654207,"MO"
"444","Other",1.15490570001962,0.1813609649368,"MO"
"445","REP",1.84598542953222,3.95741820744324,"MT"
"446","DEM",0.857994884365181,1.28762228412142,"MT"
"447","REP",0.657160642703563,-0.563869108578672,"NE"
"448","REP",0.0514118354129297,0.392935904433056,"NE"
"449","DEM",0.0083297315538854,1.14626940176225,"NE"
"450","REP",1.11669893816772,-0.246921129623518,"NE"
"451","DEM",-0.253657715845297,-0.200897687988584,"NV"
"452","REP",-1.02927239337462,-0.837273122978794,"NV"
"453","Other",-1.53020134751167,-0.84221491947509,"NV"
"454","REP",0.568919439793655,-0.130358194208934,"NV"
"455","DEM",-0.263793949865251,-0.693039612757545,"NV"
"456","DEM",0.123584309054394,0.501400986910306,"NV"
"457","REP",0.0745448357529477,0.78635664661444,"NV"
"458","DEM",-0.0988407329245744,0.916957252775483,"NV"
"459","REP",-0.231382875195312,0.672936575551303,"NV"
"460","DEM",0.312764990867305,0.373654258868232,"NH"
"461","REP",0.251773467390182,0.36631914712056,"NH"
"462","REP",-1.70235564359045,-0.608419081223664,"NH"
"463","Other",-1.27103712112172,0.745335867869887,"NH"
"464","DEM",0.467171549588447,0.872780473219184,"NH"
"465","DEM",0.57582202860479,1.01200917484873,"NJ"
"466","REP",-0.305259231119886,-0.695181817378246,"NJ"
"467","Other",-1.63497145227743,-0.833272025781939,"NJ"
"468","REP",0.490093119280196,0.44215884104018,"NJ"
"469","DEM",-0.324536731403234,-0.76051069007448,"NJ"
"470","Other",-1.67004406569616,-0.861509073683901,"NJ"
"471","REP",0.717169635521082,0.662630660856854,"NJ"
"472","DEM",-0.116986457384836,-0.861908396646436,"NJ"
"473","REP",0.933525374185036,-0.333132500009499,"NJ"
"474","DEM",-0.315905386115077,-0.734585420773767,"NJ"
"475","DEM",0.443441568594493,2.88958581080344,"NJ"
"476","REP",0.25816613522608,2.60416517762345,"NJ"
"477","DEM",0.385086709672254,0.632030782556331,"NJ"
"478","REP",-0.559970976799224,-0.801773305251784,"NJ"
"479","REP",0.60839478553517,0.154101101203746,"NJ"
"480","DEM",0.139988839940676,-0.618749957576793,"NJ"
"481","DEM",-0.0273522996157445,-0.398876526175778,"NJ"
"482","DEM",0.319754639357139,0.227387219824575,"NJ"
"483","REP",-0.889952033262319,-0.782613924926941,"NJ"
"484","DEM",0.670654892901906,-0.468852479318601,"NJ"
"485","REP",0.713475817724854,0.46683895191835,"NJ"
"486","DEM",0.553422816985235,-0.0427174132334307,"NJ"
"487","DEM",0.549169329825941,0.758230467894343,"NM"
"488","REP",0.0818702858606201,-0.0862775818069421,"NM"
"489","DEM",-0.643001036084149,-0.536366136886158,"NM"
"490","DEM",0.41887830210442,0.629330918109826,"NM"
"491","REP",-0.425376713530581,-0.783308663278871,"NM"
"492","REP",0.267108407938162,2.38551225292093,"NY"
"493","REP",-1.41291952320717,2.38551225292093,"NY"
"494","REP",-1.69255521118833,2.38551225292093,"NY"
"495","REP",-1.62941206993765,2.38551225292093,"NY"
"496","DEM",-0.128067910773522,2.21290767588274,"NY"
"497","DEM",-1.67199668991841,2.21290767588274,"NY"
"498","DEM",-1.62658884892841,2.21290767588274,"NY"
"499","REP",0.256686120688197,0.179734332607881,"NY"
"500","REP",-1.43178659929093,0.179734332607881,"NY"
"501","REP",-1.67661085288946,0.179734332607881,"NY"
"502","DEM",-0.431097778130801,-0.5650711384047,"NY"
"503","DEM",-1.66307929140024,-0.5650711384047,"NY"
"504","DEM",-1.68515513849892,-0.5650711384047,"NY"
"505","DEM",-1.65307986544682,-0.5650711384047,"NY"
"506","DEM",0.43334264586541,1.00337978401239,"NY"
"507","REP",-0.0370407981452467,0.0509613156248584,"NY"
"508","REP",-1.6789117158265,0.0509613156248584,"NY"
"509","REP",-1.49894692285873,0.0509613156248584,"NY"
"510","DEM",0.558783205773701,0.459267630243608,"NY"
"511","DEM",-1.64630164760525,0.459267630243608,"NY"
"512","REP",-0.319462395844778,-0.507478099098051,"NY"
"513","REP",-1.52721644424199,-0.507478099098051,"NY"
"514","REP",-1.68991854663345,-0.507478099098051,"NY"
"515","DEM",0.757664823213071,-0.0418804466722087,"NY"
"516","DEM",-1.67862566259649,-0.0418804466722087,"NY"
"517","REP",-1.36983741934812,-0.81144931356231,"NY"
"518","REP",-1.65924866553749,-0.81144931356231,"NY"
"519","DEM",-0.068021606665131,-0.202831076135722,"NY"
"520","DEM",-1.64031940396894,-0.202831076135722,"NY"
"521","DEM",0.359267296389524,-0.112581972689622,"NY"
"522","DEM",-1.62435017147615,-0.112581972689622,"NY"
"523","DEM",0.824613716132596,-0.232797154001778,"NY"
"524","DEM",-1.56175426249157,-0.232797154001778,"NY"
"525","DEM",0.770524781466608,-0.29039177476977,"NY"
"526","DEM",-1.51271478919013,-0.29039177476977,"NY"
"527","DEM",0.537092908680695,0.130827783633786,"NY"
"528","DEM",-1.57281084168635,0.130827783633786,"NY"
"529","DEM",-1.68086434004875,0.130827783633786,"NY"
"530","REP",-1.12751302223796,-0.80715086189783,"NY"
"531","REP",-1.64525693146086,-0.80715086189783,"NY"
"532","REP",-1.67700883999208,-0.80715086189783,"NY"
"533","REP",-1.69255521118833,-0.80715086189783,"NY"
"534","REP",-0.178176974413271,0.574193069722964,"NY"
"535","REP",-1.54354635254653,0.574193069722964,"NY"
"536","REP",-1.63294420547344,0.574193069722964,"NY"
"537","REP",-1.67980718680741,0.574193069722964,"NY"
"538","DEM",-0.642690108660224,-0.836508108935141,"NY"
"539","DEM",1.15939549202109,0.4968309609822,"NY"
"540","DEM",-1.52637072164891,0.4968309609822,"NY"
"541","DEM",0.873852182985355,-0.18767632944139,"NY"
"542","Other",-1.67969525293479,-0.8507169748587,"NY"
"543","DEM",0.0178441107259896,1.62989729495542,"NY"
"544","DEM",-1.67937188841391,1.62989729495542,"NY"
"545","DEM",-1.61203744548872,1.62989729495542,"NY"
"546","REP",-1.36859370965242,-0.785534025746252,"NY"
"547","REP",-1.65759453164221,-0.785534025746252,"NY"
"548","DEM",0.357638036688157,-0.641905794026008,"NY"
"549","DEM",0.769591999194833,0.110186820389198,"NY"
"550","DEM",-1.67159870281579,0.110186820389198,"NY"
"551","DEM",-1.59710049204336,0.110186820389198,"NY"
"552","DEM",-1.55597101240657,-0.830794694403355,"NY"
"553","DEM",0.707506011185494,0.14014366379254,"NY"
"554","DEM",-1.6407920136533,0.14014366379254,"NY"
"555","DEM",-1.50770263911646,0.14014366379254,"NY"
"556","DEM",0.0499815692628748,0.707554255730803,"NY"
"557","DEM",-1.5742411078364,0.707554255730803,"NY"
"558","DEM",-1.67838935775431,0.707554255730803,"NY"
"559","DEM",-1.59395390651324,0.707554255730803,"NY"
"560","REP",-0.321066781352231,-0.683790614903614,"NY"
"561","REP",-1.49200702275672,-0.683790614903614,"NY"
"562","REP",-1.68707045143029,-0.683790614903614,"NY"
"563","REP",-0.0127760219821418,1.46032159784638,"NY"
"564","REP",-1.43747035260028,1.46032159784638,"NY"
"565","REP",-1.60319466955229,1.46032159784638,"NY"
"566","REP",-1.69203285311614,1.46032159784638,"NY"
"567","DEM",-0.136512699607324,3.1368533155815,"NY"
"568","DEM",-1.51315008758362,3.1368533155815,"NY"
"569","DEM",0.640432747296399,-0.0511451637750634,"NY"
"570","DEM",-1.56711465128004,-0.0511451637750634,"NY"
"571","DEM",-1.57088309165801,-0.0511451637750634,"NY"
"572","DEM",-1.66526822046468,-0.0511451637750634,"NY"
"573","REP",0.194824000424084,1.22902587514273,"NY"
"574","REP",-1.50994131656872,1.22902587514273,"NY"
"575","REP",-1.59360566779845,1.22902587514273,"NY"
"576","REP",-1.69105032245653,1.22902587514273,"NY"
"577","DEM",-0.758255613584658,0.120224991294228,"NY"
"578","DEM",-1.62597943117752,0.120224991294228,"NY"
"579","Other",-1.54817295261453,-0.849977208567235,"NY"
"580","REP",-0.294078280955544,-0.155340523144384,"NY"
"581","REP",-1.50209350838885,-0.155340523144384,"NY"
"582","DEM",-0.425326965142753,0.457546467851017,"NY"
"583","DEM",-1.55961508181497,0.457546467851017,"NY"
"584","Other",-1.39714928426569,1.53459675762266,"NY"
"585","Other",-1.57813391918394,1.53459675762266,"NY"
"586","REP",0.000394863695320078,1.58016508011372,"NY"
"587","REP",-1.49882255188916,1.58016508011372,"NY"
"588","REP",-1.69214478698875,1.58016508011372,"NY"
"589","REP",-1.61859179558506,1.58016508011372,"NY"
"590","DEM",-0.377245148306995,0.444535221145219,"NY"
"591","DEM",-1.55399351399041,0.444535221145219,"NY"
"592","REP",0.166629101622568,1.07070220396312,"NY"
"593","REP",-1.44933534309726,1.07070220396312,"NY"
"594","REP",-1.56708977708613,1.07070220396312,"NY"
"595","REP",-1.68934644017343,1.07070220396312,"NY"
"596","DEM",-0.32811861532685,0.31878171452892,"NY"
"597","DEM",-1.59744873075816,0.31878171452892,"NY"
"598","DEM",0.394601088844358,0.42126293669071,"NY"
"599","DEM",-1.65210977188417,0.42126293669071,"NY"
"600","DEM",-1.57624348044648,0.42126293669071,"NY"
"601","REP",-0.287200566338323,-0.685899465789365,"NY"
"602","REP",-1.44331578817007,-0.685899465789365,"NY"
"603","REP",-1.6177709471859,-0.685899465789365,"NY"
"604","REP",-1.68971955308214,-0.685899465789365,"NY"
"605","DEM",0.726198967911864,-0.371541014550661,"NY"
"606","DEM",-1.65541803967473,-0.371541014550661,"NY"
"607","DEM",-1.50232981323103,-0.371541014550661,"NY"
"608","REP",0.479782765902844,0.000472303980851191,"NY"
"609","REP",-1.27654675507367,0.000472303980851191,"NY"
"610","REP",-1.57873089983788,0.000472303980851191,"NY"
"611","REP",-1.68949568533691,0.000472303980851191,"NY"
"612","DEM",1.29008450684524,-0.180719719406416,"NC"
"613","REP",-0.439841057291571,-0.845101992388169,"NC"
"614","REP",1.05159073559783,1.35254649344295,"NC"
"615","DEM",0.399849543760212,-0.795503804408495,"NC"
"616","REP",1.00241445422985,-0.309128896969088,"NC"
"617","DEM",-0.382593099998505,-0.861908396646436,"NC"
"618","DEM",1.77163646392328,-0.230951644244222,"NC"
"619","REP",-0.0842147069031436,-0.790526262117631,"NC"
"620","REP",0.879212571773822,0.0957231881956791,"NC"
"621","REP",0.883665052484427,-0.307896453813622,"NC"
"622","DEM",0.0775421761195844,-0.787762686236031,"NC"
"623","REP",0.931149888666249,-0.271693386452782,"NC"
"624","DEM",-0.0127760219821418,-0.850077333348421,"NC"
"625","REP",0.658304855623607,1.08122442919167,"NC"
"626","DEM",-0.0466422369960499,-0.543798305856832,"NC"
"627","REP",0.702941596602276,0.100292467101845,"NC"
"628","DEM",0.0262267140750069,-0.81461719520173,"NC"
"629","REP",1.04338225160621,1.260402727785,"NC"
"630","DEM",-0.0996615813237363,-0.557605568016824,"NC"
"631","REP",1.16252964045426,-0.364569464076872,"NC"
"632","DEM",-0.0973731554836485,-0.82323294891413,"NC"
"633","DEM",1.20867127016472,-0.190795916907046,"NC"
"634","REP",-0.27047267093116,-0.828826355165841,"NC"
"635","REP",0.777452244471656,-0.391653261096127,"NC"
"636","DEM",0.237756859119645,-0.788451035166255,"NC"
"637","REP",1.20699226207553,-0.040398609447122,"ND"
"638","DEM",-0.703383141810378,-0.692157212957651,"ND"
"639","Other",-1.41041966671881,-0.859884920832061,"ND"
"640","Other",-1.57114427069411,-0.817027660169576,"MP"
"641","REP",0.908924796404092,-0.310007498082944,"OH"
"642","DEM",0.0959117683250719,-0.666018446375683,"OH"
"643","REP",1.04795910328638,-0.190860343575914,"OH"
"644","DEM",0.781780354212692,-0.320568266464815,"OH"
"645","REP",0.911573898055933,-0.525775137956813,"OH"
"646","DEM",-0.47200339002237,-0.796842626667139,"OH"
"647","REP",1.3390617946619,-0.257685978041966,"OH"
"648","REP",0.958188137450765,0.211702866362426,"OH"
"649","DEM",-0.598874216080716,-0.858022022946778,"OH"
"650","REP",0.762254111990204,-0.205572392352897,"OH"
"651","DEM",-0.588203186891611,-0.854698164715539,"OH"
"652","Other",-1.43322930253795,-0.848672010242966,"OH"
"653","REP",1.08079303925286,-0.172950095194575,"OH"
"654","DEM",-0.611137193680317,-0.858909183024784,"OH"
"655","DEM",0.709334264438173,-0.303410809576652,"OH"
"656","REP",-0.603264511306537,-0.836173745093283,"OH"
"657","REP",0.979940620028556,0.083204419677835,"OH"
"658","DEM",-0.335195323495382,-0.855205821753565,"OH"
"659","Other",-1.56759969806136,-0.844356861843407,"OH"
"660","DEM",1.31814259758023,-0.367768283550498,"OH"
"661","REP",-0.959686835900212,-0.844726828433079,"OH"
"662","REP",1.42197992007421,0.644805215359873,"OH"
"663","DEM",-0.302149956880636,-0.8437122295908,"OH"
"664","DEM",0.891463112276465,0.133526797746806,"OH"
"665","REP",1.02306003517847,0.750289815393282,"OH"
"666","DEM",-0.0749366325732224,-0.664442683062111,"OH"
"667","REP",1.06853006165326,1.20408964699747,"OH"
"668","DEM",-0.285708114703483,-0.831605761554951,"OH"
"669","REP",1.10518218638554,0.543334213220263,"OH"
"670","DEM",-0.2127023555659,-0.847646913358307,"OH"
"671","REP",0.658006365296639,0.425714313282909,"OK"
"672","REP",1.1267108012181,0.00537880766396722,"OK"
"673","REP",0.835906600169551,0.353465959131564,"OK"
"674","REP",0.289184255036835,-0.188183636809572,"OK"
"675","DEM",-0.418623369882931,-0.808031751759759,"OK"
"676","DEM",1.10017003631186,-0.113557146256923,"OR"
"677","REP",1.69169080468369,1.78354681011661,"OR"
"678","DEM",1.71326916790408,0.0415423543853249,"OR"
"679","DEM",1.04093214350568,-0.157709131042423,"OR"
"680","REP",0.258825301364801,-0.816574527786182,"OR"
"681","DEM",0.77822334448299,0.385218810168325,"OR"
"682","REP",0.292405463148698,-0.641097103039948,"OR"
"683","DEM",1.35388681423464,-0.287730532947009,"PA"
"684","DEM",2.30809820406647,0.328911832708996,"PA"
"685","DEM",1.78480734960074,0.328911832708996,"PA"
"686","REP",1.04093214350568,-0.374993781748929,"PA"
"687","REP",0.868466920002974,0.117630544358828,"PA"
"688","REP",0.87727238464853,1.01398182933001,"PA"
"689","DEM",0.224710344411753,-0.548849421861817,"PA"
"690","REP",1.10373948313852,0.864595345867453,"PA"
"691","DEM",0.210084318390322,-0.703798922087773,"PA"
"692","REP",0.874710342675388,0.753829109984005,"PA"
"693","DEM",0.455480678448868,1.39025736101483,"PA"
"694","REP",0.617473866313779,2.55053564600536,"PA"
"695","REP",-0.360019769021552,-0.667259512071636,"PA"
"696","REP",0.924695035345567,-0.0658424469481534,"PA"
"697","DEM",-0.585902323954567,-0.804770667212668,"PA"
"698","REP",0.777178628338602,-0.0418193816020742,"PA"
"699","DEM",-0.287698050216603,-0.533101070871064,"PA"
"700","REP",1.05614271308409,0.468508911519832,"PA"
"701","DEM",0.00523289441159266,-0.66528509334705,"PA"
"702","DEM",1.27335661143807,-0.0335078247603942,"PA"
"703","DEM",1.47206410952005,-0.212196633253535,"PA"
"704","REP",-0.608587588804133,-0.849440028268466,"PA"
"705","REP",0.667694863826141,0.532229199619353,"PA"
"706","DEM",-0.159235275747761,-0.844774621943203,"PA"
"707","REP",0.394713022716971,0.48475589965603,"PA"
"708","DEM",-0.0291805528684234,0.0511902222204018,"PA"
"709","DEM",0.258713367492188,-0.177134045879031,"PA"
"710","REP",-0.0186836430367163,-0.837227443381822,"PA"
"711","REP",1.94953669879619,0.0360755206703184,"PA"
"712","Other",7.23414625550374,-0.13248810475578,"PR"
"713","DEM",6.94165060926904,-0.650648350739328,"PR"
"714","Other",-1.46632441754052,-0.860316246532419,"PR"
"715","DEM",-0.0795010471564411,-0.136189026285129,"RI"
"716","REP",-0.819719746746146,-0.781789037869442,"RI"
"717","DEM",-0.0475625821708678,-0.0754588286031324,"RI"
"718","REP",-0.8286993307491,-0.859655998342434,"RI"
"719","REP",0.665107947659085,-0.730408844944215,"SC"
"720","DEM",-0.328255423393377,-0.841056336127253,"SC"
"721","DEM",-1.63143931674164,-0.841056336127253,"SC"
"722","DEM",-1.65972127522185,-0.841056336127253,"SC"
"723","REP",0.582227133537644,-0.269869548278549,"SC"
"724","DEM",-0.393338751769352,-0.806355498101074,"SC"
"725","DEM",-1.65147547993936,-0.806355498101074,"SC"
"726","REP",0.764865902351173,-0.293529759637477,"SC"
"727","DEM",-0.785604789793098,-0.854624138020028,"SC"
"728","REP",0.767564752390842,0.400408714576124,"SC"
"729","DEM",-0.562856383293247,-0.782428774744225,"SC"
"730","REP",0.484757604685643,0.185136437666426,"SC"
"731","DEM",-0.267338522497996,-0.305380984580851,"SC"
"732","DEM",0.510104408284007,0.864677852056695,"SC"
"733","REP",0.491709941884606,-0.0940465066790936,"SC"
"734","DEM",-0.416372255333714,-0.785959907722893,"SC"
"735","DEM",-1.61912659075421,-0.785959907722893,"SC"
"736","DEM",-1.67141214636143,-0.785959907722893,"SC"
"737","REP",1.24657954168966,1.57930393865097,"SD"
"738","DEM",-0.0512688370640535,-0.542093315694554,"SD"
"739","REP",0.763149582971107,-0.615686722585411,"TN"
"740","REP",0.939283750076126,-0.456654365995299,"TN"
"741","REP",0.493513320943371,0.0530638883474905,"TN"
"742","DEM",-0.748778545703425,-0.782342271192895,"TN"
"743","REP",0.358981243159513,-0.431236761679654,"TN"
"744","REP",-0.59438442407924,-0.861908396646436,"TN"
"745","DEM",0.425084413485963,-0.358192185451026,"TN"
"746","REP",-0.42907053132681,-0.789734546013117,"TN"
"747","REP",0.81216418207864,1.37896472570117,"TN"
"748","DEM",-0.932001858073933,-0.857059159347415,"TN"
"749","REP",0.789441605938203,0.370057260806107,"TN"
"750","REP",0.714557845160113,0.15899544591272,"TN"
"751","Other",-1.65258238156854,-0.861661402583476,"TN"
"752","DEM",0.431551703903602,-0.630013363670265,"TN"
"753","REP",0.690280631900051,-0.151761803278682,"TX"
"754","REP",0.394999075946982,-0.366624815476399,"TX"
"755","DEM",-0.456457018826122,-0.850861229563682,"TX"
"756","REP",0.705827003096299,0.0773603875650064,"TX"
"757","REP",0.991370312132038,-0.137984620672368,"TX"
"758","REP",0.230543342884585,1.68694875130208,"TX"
"759","REP",0.279980803288656,0.209720913842098,"TX"
"760","DEM",-0.376411862810877,-0.843982103187455,"TX"
"761","REP",0.082206087478459,0.0881294399686312,"TX"
"762","DEM",-0.310196758611814,-0.812510251606041,"TX"
"763","REP",1.23682885767537,2.33940843490399,"TX"
"764","DEM",0.18779704064338,-0.383369812941728,"TX"
"765","REP",0.525949269807224,0.513594101544239,"TX"
"766","DEM",-0.20847374260052,-0.85619738212131,"TX"
"767","REP",0.80764951588325,0.433706232151413,"TX"
"768","REP",0.740626000381982,0.0028605649135648,"TX"
"769","DEM",-0.75745963937941,-0.861908396646436,"TX"
"770","REP",0.772564465367556,0.48768860448383,"TX"
"771","REP",0.294743637376614,-0.43757873954528,"TX"
"772","DEM",-0.438037678232806,0.970436609142356,"TX"
"773","REP",-0.871283950729864,-0.848343145754118,"TX"
"774","DEM",0.165360517732954,-0.580753822988045,"TX"
"775","REP",0.155274032100828,0.521166273552466,"TX"
"776","DEM",-0.625949776156103,-0.824507177616027,"TX"
"777","DEM",0.164477483849007,-0.401216564458104,"TX"
"778","REP",-1.10225327831829,-0.832258698466367,"TX"
"779","REP",0.489794628953228,0.20043977815063,"TX"
"780","DEM",0.158047504722239,0.201334972688021,"TX"
"781","REP",0.821280574148121,0.546903746305502,"TX"
"782","DEM",-0.0891397972981152,-0.80571030160849,"TX"
"783","REP",0.558820517064572,0.270234093703267,"TX"
"784","DEM",-0.164831969378411,-0.832905317479455,"TX"
"785","REP",-0.327782813709011,2.50203627167122,"TX"
"786","DEM",-0.365728396524814,0.90795987416291,"TX"
"787","REP",0.222782594383418,-0.4415852327836,"TX"
"788","DEM",-0.354995181850924,-0.844586825395526,"TX"
"789","REP",0.547925620130241,0.104777038488155,"TX"
"790","DEM",-0.246991431876346,-0.820503616836175,"TX"
"791","REP",0.930266854782302,0.00511882813450573,"TX"
"792","REP",0.0661497953069734,0.0230232195459476,"TX"
"793","DEM",-0.604483346808323,-0.8453367162184,"TX"
"794","DEM",-0.18464426483091,-0.122912888777961,"TX"
"795","DEM",-0.513443797083091,0.654993688668788,"TX"
"796","DEM",0.41751022143915,-0.563550646767701,"TX"
"797","REP",0.362264636756161,0.137096664607806,"TX"
"798","DEM",-0.411422290744829,-0.840264675652033,"TX"
"799","REP",0.32256542326942,1.18274294669493,"TX"
"800","Other",-1.41931219104306,-0.859374426700068,"TX"
"801","DEM",-0.544561413669502,0.126278372332428,"TX"
"802","REP",-1.28985444881766,-0.83414672489821,"TX"
"803","DEM",-0.401646732536627,-0.0137346625996881,"TX"
"804","DEM",-0.153228157917531,-0.526791826871118,"TX"
"805","REP",-0.92716382735766,-0.756536151891731,"TX"
"806","REP",0.705715069223686,-0.286245469222902,"TX"
"807","REP",0.572053588226819,-0.149349017774595,"UT"
"808","DEM",-0.790393072121543,-0.764139873656392,"UT"
"809","REP",0.41800770531743,-0.100549380355487,"UT"
"810","DEM",-0.536688731295722,-0.396748228878442,"UT"
"811","REP",0.903639030197367,0.177577378277371,"UT"
"812","DEM",-0.76135245072695,-0.811519772035997,"UT"
"813","REP",0.13263851563909,3.56952723160185,"UT"
"814","DEM",-0.292511206738962,0.809380140974516,"UT"
"815","DEM",1.58550287086483,-0.242804792371741,"VT"
"816","REP",1.16014171783851,-0.0271505488390676,"VA"
"817","DEM",0.047917011168013,-0.824679239020696,"VA"
"818","REP",0.66591635896129,-0.221362830877673,"VA"
"819","DEM",-0.217552823379129,-0.835008088878135,"VA"
"820","DEM",0.888067784807205,-0.25332004804452,"VA"
"821","REP",-0.418424376331619,-0.805352764192385,"VA"
"822","DEM",0.786071152662857,-0.451767086206594,"VA"
"823","REP",0.10943089271733,-0.746197884789613,"VA"
"824","REP",0.880866705669102,-0.340135639974931,"VA"
"825","DEM",0.141866841581183,0.216131832296403,"VA"
"826","REP",1.10116500406842,0.733343829290684,"VA"
"827","DEM",-0.307970518256511,-0.740236427185334,"VA"
"828","REP",1.00895636722923,0.0649930737721265,"VA"
"829","DEM",0.28887332761291,-0.667515994902651,"VA"
"830","DEM",1.36460759181158,0.315925054945278,"VA"
"831","REP",-0.479391025614828,-0.797778065024826,"VA"
"832","REP",0.944047158210657,-0.14450984937769,"VA"
"833","DEM",-0.610104914632886,-0.779503746758921,"VA"
"834","REP",0.91858842073968,3.38413437801308,"VA"
"835","DEM",0.631552660069102,1.40138068460033,"VA"
"836","DEM",1.37909680976648,0.0418668082659057,"VA"
"837","DEM",-1.52231622804093,-0.592894852709216,"VI"
"838","DEM",0.705018591794095,0.429599065786015,"WA"
"839","REP",0.234398842941255,-0.838907281156415,"WA"
"840","DEM",0.887781731577194,0.0256414599248641,"WA"
"841","DEM",-0.21282672653547,-0.772444532465683,"WA"
"842","REP",-0.0549129064724542,0.138496464519124,"WA"
"843","REP",-0.491641566117472,-0.798818825529115,"WA"
"844","DEM",-0.0790657487629461,-0.57990406963637,"WA"
"845","DEM",0.805746640048829,-0.0063338208682734,"WA"
"846","REP",-0.134522764094204,-0.852751814943024,"WA"
"847","DEM",0.933749241930262,1.50824319839161,"WA"
"848","DEM",0.370771611074748,0.668343741612879,"WA"
"849","REP",0.699123407836477,0.50919558867491,"WA"
"850","DEM",-0.114573660575178,-0.843932863315702,"WA"
"851","DEM",0.848617313259604,0.0165946586585737,"WA"
"852","REP",-0.753877755455794,-0.835620686604752,"WA"
"853","DEM",0.416987863366956,-0.0413310438229621,"WA"
"854","REP",0.330040118540577,-0.0131184569160388,"WV"
"855","DEM",-0.788490196287122,-0.839755484834916,"WV"
"856","REP",0.048190627301067,0.192961556072014,"WV"
"857","DEM",-0.444318412196091,-0.515857634936338,"WV"
"858","REP",0.047369778901905,-0.409925171408329,"WV"
"859","DEM",-1.08481646838458,-0.826037595108387,"WV"
"860","Other",-1.49306417599807,-0.790797160882694,"WV"
"861","REP",1.15838808716758,9.81388454815775,"WI"
"862","DEM",-0.372232998233325,-0.84848595409747,"WI"
"863","Other",-1.60993557610299,-0.861535767797719,"WI"
"864","DEM",1.69896650640354,-0.204439827620316,"WI"
"865","REP",-0.160292428989106,-0.828344541908147,"WI"
"866","DEM",1.4982815099054,0.189086729424269,"WI"
"867","DEM",1.0353727611659,-0.0732660013253835,"WI"
"868","Other",-1.30277659255598,-0.859659463252712,"WI"
"869","REP",1.53938611534828,-0.6263191494443,"WI"
"870","DEM",-0.279278135576715,-0.802630195047107,"WI"
"871","REP",0.835956348557379,-0.0281191343086144,"WI"
"872","DEM",-0.0480103176613198,-0.715568610381019,"WI"
"873","Other",-1.45782988031889,-0.830422216548435,"WI"
"874","REP",1.07563164401571,0.75847559440245,"WI"
"875","DEM",0.0212767494861213,-0.769503364038234,"WI"
"876","REP",1.13127521580132,1.28683092563379,"WI"
"877","DEM",-0.0155494946035526,0.596309417194598,"WI"
"878","REP",0.239336370433184,0.845319430119855,"WY"
"879","DEM",-0.7644617249662,-0.71401968422802,"WY"
"880","Other",-1.57416648525466,-0.861454620552646,"WY"
