"","can_party","general_votes","ttl_disb","state","lamvotes","tvotes","tdisb","disb","votes"
"1","REP",208083,1172750.28,"AL",5457.89243169687,0.996878677821556,0.0789487283288704,13.9748622149457,43298534889
"2","REP",134886,1850535.64,"AL",4081.72957148677,-0.0417716022524357,0.999127185720249,14.4309856902824,18194232996
"3","REP",192164,1071289.42,"AL",5174.40246332532,0.999882076810627,-0.0153568379839947,13.8843735463501,36927002896
"4","REP",235925,1394461.23,"AL",5937.10307389307,0.980574655039933,0.196146235990693,14.1480186835836,55660605625
"5","REP",205647,119723.76,"AL",5414.98804783924,0.744327159384867,-0.667815153917651,11.6929423680889,42290688609
"6","REP",245313,769978.37,"AL",6094.40944038468,0.983231752607502,-0.182360414192283,13.5541177025262,60178467969
"7","REP",155088,1322055.12,"AK",4481.96011993712,0.767278470714158,0.641314079354682,14.094697992927,24052287744
"8","REP",8923,75562.51,"AS",660.369536271305,-0.893115876558707,-0.449826667771902,11.2327155396979,79619929
"9","REP",121745,1293719.68,"AZ",3810.7230880487,-0.75071947048036,0.660621129424187,14.0730320999724,14821845025
"10","REP",179806,8004418.35,"AZ",4948.94970316593,0.096510824750706,0.995331934937254,15.895504240936,32330197636
"11","REP",203487,712872.46,"AZ",5376.80426983104,0.941827861511931,-0.33609564007863,13.4770578054155,41406959169
"12","REP",205184,947069.35,"AZ",5406.81447246813,0.991816538809497,-0.12767127062871,13.7611276007435,42100473856
"13","REP",201578,806820.62,"AZ",5342.94610809441,0.964320853959388,-0.264736266157543,13.6008566424946,40633690084
"14","REP",39286,32120.36,"AZ",1785.26051033822,-0.823580203901273,-0.567199830520018,10.377245375968,1543389796
"15","REP",204942,360898.55,"AZ",5402.539901165,0.826959689571271,-0.562261213160028,12.7963521728894,42001223364
"16","REP",108350,273722.04,"AZ",3524.33098482841,-0.483035713852623,-0.875600650492499,12.5198684179102,11739722500
"17","REP",183866,808955.49,"AR",5023.56633414795,0.936258901488304,-0.351310787457366,13.6034991759856,33806705956
"18","REP",176472,1640764.53,"AR",4887.25925799231,0.743722387661828,0.668488601316873,14.310672868003,31142366784
"19","REP",217192,568200.63,"AR",5616.88035116013,0.92489515815879,-0.380222232930198,13.2502298571661,47172364864
"20","REP",182885,464458.86,"AR",5005.58728986738,0.757336311228633,-0.65302504675901,13.0486282649606,33446923225
"21","REP",185448,808869.52,"CA",5052.49353134269,0.939953414602116,-0.3413027664374,13.603392897495,34390960704
"22","REP",76572,4228,"CA",2792.6727375082,-0.658244569820832,-0.752804148700967,8.34948434699013,5863271184
"23","REP",104453,380024.03,"CA",3438.8541753645,-0.585085104292562,-0.810971898856528,12.8479897665453,10910429209
"24","REP",220133,1000517.91,"CA",5667.73971683093,0.997923270502548,-0.0644138664380468,13.8160283338952,48458537689
"25","REP",67565,2700,"CA",2567.94929603485,-0.70832271525406,-0.705888752605618,7.90100705199242,4565029225
"26","REP",57848,2805,"CA",2314.08000329517,-0.752937714450356,-0.658091785511926,7.9391588179568,3346391104
"27","REP",145168,1355340.14,"CA",4287.73115241295,0.429794152997912,0.90292689961525,14.1195630066245,21073748224
"28","REP",136972,909665.99,"CA",4123.93061348042,0.00355670623728737,-0.999993674900367,13.7208327671599,18761328784
"29","REP",98992,67038.68,"CA",3317.27828629289,-0.504001957870339,-0.863702510395139,11.1130250452246,9799416064
"30","REP",124671,4183054.63,"CA",3871.86907534057,-0.0618111805143435,0.998087860843635,15.2465523103438,15542858241
"31","REP",83341,7789.5,"CA",2955.84251682722,-0.614492561046129,-0.788922614974986,8.96053195195248,6945722281
"32","REP",29754,4521,"CA",1481.71043667768,-0.840777782607534,-0.541380384086419,8.41648848729461,885300516
"33","REP",54817,4140.06,"CA",2232.0715810379,-0.765429068370275,-0.643520272636235,8.32846555946796,3004903489
"34","REP",70619,632.75,"CA",2645.19483195924,-0.691569023652988,-0.722310380323897,6.45007539942523,4987043161
"35","REP",70483,548941.25,"CA",2641.7787137487,-0.889008345049068,-0.457890994051114,13.2157467020149,4967853289
"36","REP",93470,26381.26,"CA",3192.07128565757,-0.540713673946132,-0.84120670634968,10.1804091885878,8736640900
"37","REP",64061,5500,"CA",2477.88684550877,-0.726380278711662,-0.687293016623018,8.61250337122056,4103811721
"38","REP",74811,418826.39,"CA",2749.45339972712,-0.82508882809669,-0.565003031629061,12.9452117693648,5596685721
"39","REP",75126,2822073.4,"CA",2757.20873688031,-0.486404966629017,0.873733488220879,14.8529824209787,5643915876
"40","REP",158755,1372432.87,"CA",4552.71233458224,0.764616040028711,0.644486083116472,14.1320955404228,25203150025
"41","REP",167116,8161454.49,"CA",4712.04835088494,0.0666007241358182,0.997779706921615,15.9149329573798,27927757456
"42","REP",144780,2295813.98,"CA",4280.04682179126,0.100879759688523,0.994898625029297,14.6465980139756,20961248400
"43","REP",138755,1679628.36,"CA",4159.83391634914,0.047882712624656,0.998852965071288,14.3340831126222,19252950025
"44","REP",111059,431832.35,"CA",3583.1529842069,-0.52714779123597,-0.849773620557286,12.9757927132005,12334101481
"45","REP",81655,208248.35,"CA",2915.62321207296,-0.702532426443148,-0.71165173350165,12.2464866368284,6667539025
"46","REP",94866,697268.25,"CA",3223.94987236727,-0.861910994290698,-0.507059599969097,13.4549254794032,8999557956
"47","REP",110822,73968.91,"CA",3578.02592133609,-0.374856816821196,-0.927082718468358,11.2114001487697,12281515684
"48","REP",47309,3747.65,"CA",2022.16734411795,-0.792106952486473,-0.610382319388916,8.22888425586016,2238141481
"49","REP",88269,362037.43,"CA",3071.89054014609,-0.725461559102884,-0.688262686961899,12.7995028832528,7791416361
"50","REP",150777,3663387.68,"CA",4398.0722041875,0.0837239346925697,0.99648898777638,15.1138988729065,22733703729
"51","REP",69159,252473.09,"CA",2608.40723589671,-0.786777726543987,-0.617236428780962,12.4390599477607,4782967281
"52","REP",149547,1276116.53,"CA",4373.99307205998,0.717694211800048,0.69635839791641,14.0593320631685,22364305209
"53","REP",52499,3196.12,"CA",2168.34085341175,-0.773887949836212,-0.633322541126008,8.06969285311496,2756145001
"54","REP",182618,1690947.44,"CA",5000.6884057687,0.76265005428613,0.646811328516565,14.3407995451978,33349333924
"55","REP",88109,68687.81,"CA",3068.15689318104,-0.601094252091224,-0.799178140406063,11.1373270243296,7763195881
"56","REP",178701,659108.23,"CA",4928.54556492667,0.838112426166389,-0.545497535379849,13.3986430336872,31934047401
"57","REP",155888,6311313.06,"CA",4497.44223275045,0.0566662540724409,0.998393176884436,15.6578543047869,24301068544
"58","REP",179937,936452.99,"CA",4951.36590785193,0.976630153654496,-0.214926831672539,13.7498546020623,32377323969
"59","REP",54362,76403.12,"CA",2219.63314033931,-0.788434602679221,-0.615118587995892,11.2437788120171,2955227044
"60","REP",139403,1438632.75,"CA",4172.84456244365,0.108562876277704,0.994089584441117,14.1792037413446,19433196409
"61","REP",97968,121239.19,"CA",3294.23757075288,-0.534853613766606,-0.844944738927229,11.705520650186,9597729024
"62","REP",105030,60692.41,"CO",3451.57563234874,-0.438295423169683,-0.89883097522755,11.0135739280431,11031300900
"63","REP",170001,167116.24,"CO",4766.41348041348,0.491313773420208,-0.870982649682298,12.0264448971741,28900340001
"64","REP",204220,2042118.59,"CO",5389.7769311641,0.739858167299383,0.672762879683769,14.5294983514367,41705808400
"65","REP",248230,759701.8,"CO",6142.88024047877,0.983048126682962,-0.183347704171935,13.5406812668448,61618132900
"66","REP",225445,340108.97,"CO",5759.03695630708,0.880851093268508,-0.473393442590489,12.7370213452432,50825448025
"67","REP",191626,3574756.56,"CO",5164.68906204611,0.325063538137033,0.945692178340201,15.0894076366868,36720523876
"68","REP",144066,51319.76,"CO",4265.88828393248,0.107425502281849,-0.994213136837113,10.8458311421793,20755012356
"69","REP",105674,21169.79,"CT",3465.74707439859,-0.417925970317437,-0.908481085842863,9.96033044438203,11166994276
"70","REP",111149,50797.88,"CT",3585.09902399451,-0.363609563941549,-0.931551439809008,10.8356099004123,12354100201
"71","REP",120653,161189.52,"CT",3787.77911620348,-0.265973149246336,-0.963980437498597,11.9903360945343,14557146409
"72","REP",5071,161189.52,"CT",451.757570807023,-0.912789389967929,-0.408430568838788,11.9903360945343,25715041
"73","REP",4901,98931.97,"CT",441.51992960912,-0.902574145291772,-0.430534449551749,11.5021877211889,24019801
"74","REP",124900,98931.97,"CT",3876.63449715269,-0.187655165269178,-0.982234971352475,11.5021877211889,15600010000
"75","REP",172301,221665.5,"DE",4809.53698566424,0.539928200048828,-0.84171107797868,12.3089247677981,29687634601
"76","REP",255107,1113704.51,"FL",6256.41567621092,0.999875898917016,0.0157539444232139,13.9232024129375,65079581449
"77","REP",231163,2047935.63,"FL",5856.52237728059,0.837193646437768,0.546906571878812,14.5323428339835,53436332569
"78","REP",193843,794643.44,"FL",5204.65869146646,0.950889642976908,-0.309530106579713,13.5856487898842,37575108649
"79","REP",287509,833240.76,"FL",6778.3821187616,0.994360892080194,-0.106049122115555,13.6330779069996,82661425081
"80","REP",213519,3928266.85,"FL",5553.04198412897,0.388396140345475,0.921492505756144,15.183708881485,45590363361
"81","REP",171583,1828019.08,"FL",4796.09546106156,0.589300776177113,0.807913730046131,14.4187434685785,29440725889
"82","REP",246483,772848.12,"FL",6113.87365536667,0.983870329014439,-0.178883134154729,13.5578378270227,60753869289
"83","REP",144450,31975.43,"FL",4273.50583038714,0.111082621438249,-0.993811174828703,10.3727230743629,20865802500
"84","REP",107498,50734.93,"FL",3505.73106215239,-0.406997896493072,-0.913429095360015,10.8343699069941,11555820004
"85","REP",258016,1010409.94,"FL",6304.13689774483,0.99923518739536,-0.0391029445305519,13.8258666876581,66572256256
"86","REP",253559,1751756.14,"FL",6230.94805657662,0.9392169431007,0.343324240030581,14.376129351293,64292166481
"87","REP",171149,2230282.46,"FL",4787.96163946085,0.423419758988199,0.905933611087686,14.6176387990923,29291980201
"88","REP",121088,33654.68,"FL",3796.92706351688,-0.229643941325267,-0.973274709530972,10.4239074041542,14662303744
"89","REP",182999,1199262.94,"FL",5007.67822916504,0.98757980314754,0.157118211595813,13.9972177093832,33488634001
"90","REP",230654,918163.59,"FL",5847.87702594134,0.993626048822928,-0.112726550113703,13.7301308563408,53201267716
"91","REP",209348,918536.35,"FL",5480.10699424091,0.989438625186301,-0.144952430091538,13.7305367582489,43826585104
"92","REP",13353,7800,"FL",865.595163707964,-0.873713087001709,-0.486441611708892,8.96187901267768,178302609
"93","REP",201488,2872938.76,"FL",5341.34725605589,0.491863764725581,0.870672175362219,14.8708460220364,40597414144
"94","REP",239225,4836704.32,"FL",5992.62969270759,0.392431576495755,0.919781201030471,15.3917441211378,57228600625
"95","REP",118038,49825.33,"FL",3732.55490638301,-0.274767988227649,-0.961510557739919,10.8162787682402,13932969444
"96","REP",138737,24648.18,"FL",4159.47222364403,0.0266381674984478,-0.999645141053726,10.1124583430736,19247955169
"97","REP",130818,123263.44,"FL",3998.80620604151,-0.0990503854627841,-0.995082419269717,11.7220791326129,17113349124
"98","REP",157921,1529748.66,"FL",4536.66868492315,0.593718194559235,0.804673042576501,14.2406140053643,24939042241
"99","REP",148547,3852722.34,"FL",4354.36834213836,0.0655236799509222,0.997851014613749,15.1642905576843,22066211209
"100","REP",157917,3436514.81,"FL",4536.59166968828,0.138291718702837,0.990391539007788,15.0499683791519,24937778889
"101","REP",210243,987256.84,"GA",5495.7972652231,0.99642256858711,-0.0845107378400277,13.8026855074612,44202119049
"102","REP",94056,44957.38,"GA",3205.47198714771,-0.542296584911601,-0.84018713034253,10.7134702088482,8846531136
"103","REP",207218,1216231.22,"GA",5442.67657667922,0.992912056998551,0.118851365439807,14.0112674714587,42939299524
"104","REP",46768,10106.94,"GA",2006.63315197999,-0.795605967108812,-0.605814447748526,9.22097759557737,2187245824
"105","REP",201088,2462526.7,"GA",5334.23839344837,0.58889329694015,0.808210792317796,14.7166984946092,40436383744
"106","REP",174081,390260.26,"GA",4842.78054261763,0.642000525049562,-0.766704197090434,12.8745691288713,30304194561
"107","REP",173983,1043968,"GA",4840.95320635987,0.997558003816444,-0.0698428881257894,13.858539395614,30270084289
"108","REP",256535,1333814,"GA",6279.86387630448,0.991250201640909,0.131996355051407,14.1035530654515,65810206225
"109","REP",243725,425435.32,"GA",6067.94226035615,0.930268334708007,-0.366879851503993,12.9608682060403,59401875625
"110","REP",217935,915365.12,"GA",5629.75055763378,0.991210014946482,-0.132297793896174,13.7270783029144,47495664225
"111","REP",159492,1098325.93,"GA",4566.86686062234,0.99924129660088,0.0389465167555687,13.909297696712,25437698064
"112","REP",216743,777699.83,"GA",5609.09575425928,0.971121203316168,-0.238586689632422,13.5640959060897,46977528049
"113","REP",15617,126941.3,"GU",961.528104751027,-0.892854040731925,-0.450346157914857,11.7514800538668,243890689
"114","REP",242252,877578.38,"ID",6043.34086439341,0.992206936981111,-0.124600939830168,13.6849215522705,58686031504
"115","REP",205292,933105.89,"ID",5408.72159541765,0.990126662900541,-0.140175573526341,13.7462739674945,42144805264
"116","REP",81817,20150,"IL",2919.49952322109,-0.629587377715715,-0.776929683961843,9.91095956737483,6694021489
"117","REP",208555,3357095.91,"IL",5466.18638351888,0.442353984671985,0.896840538916935,15.026586845706,43495188025
"118","REP",103617,315249.26,"IL",3420.38116964505,-0.561020190047829,-0.827802117875219,12.661118906481,10736482689
"119","REP",109550,202329.6,"IL",3550.44641729909,-0.436918028967898,-0.899501326270733,12.217653329803,12001202500
"120","REP",135535,5650246.2,"IL",4094.88216631209,-0.00478935940011948,0.999988530952499,15.5472096773945,18369736225
"121","REP",108995,751139.49,"IL",3538.3798261493,-0.795161838585538,-0.606397271149257,13.5293466525136,11879910025
"122","REP",169976,2340925.06,"IL",4765.94369280193,0.380629585901944,0.924727591421449,14.666056734,28891840576
"123","REP",200508,1301824.3,"IL",5323.92224783778,0.976979473805635,0.213333325484942,14.079277146408,40203458064
"124","REP",274554,3398401.99,"IL",6572.14580036575,0.681336218875866,0.731970598349372,15.0388158761592,75379898916
"125","REP",259722,1024440.33,"IL",6332.04067243674,0.999510890328597,-0.0312726736070732,13.8396570019195,67455517284
"126","REP",250506,2228898.33,"IL",6180.56931567897,0.840811961030635,0.541327300427217,14.6170179989455,62753256036
"127","REP",164355,2080501.63,"IN",4659.7291042601,0.395737738392812,0.91836356766356,14.5481195908703,27012566025
"128","REP",201396,1611227.82,"IN",5339.71263036286,0.886475546415301,0.46277543755875,14.2925070674309,40560348816
"129","REP",193412,1178655.37,"IN",5196.90018391946,0.994382080561164,0.105850261496374,13.9798848297496,37408201744
"130","REP",221957,1233226.07,"IN",5699.16988792837,0.993816933187706,0.111031091633751,14.0251441148939,49264909849
"131","REP",204920,1356932.2,"IN",5402.15122120143,0.968763452021154,0.247986640825787,14.1207369744148,41992206400
"132","REP",94456,5102,"IN",3214.60340386668,-0.524364652763443,-0.851493811446844,8.53738789870176,8921935936
"133","REP",187702,987262.11,"IN",5093.568139805,0.992584623159335,-0.121555608129123,13.8026908454702,35232040804
"134","REP",174791,3601734.05,"IN",4856.0092850573,0.229117466246118,0.973398780901722,15.0969259680111,30551893681
"135","REP",206903,2403972.06,"IA",5437.13033900069,0.638646052790599,0.769500629795056,14.6926329522735,42808851409
"136","REP",170933,208818.45,"IA",4783.91093378126,0.51926859988468,-0.854611093523717,12.2492204931559,29218090489
"137","REP",208598,2468355.99,"IA",5466.94166855769,0.629657713849208,0.776872681583146,14.719062895907,43513125604
"138","REP",226719,957450,"IA",5780.82719083998,0.995933162179969,-0.090095152312472,13.7720287793523,51401504961
"139","REP",169992,1635626.43,"KS",4766.24435949986,0.684478918110648,0.729032654043752,14.3075364265497,28897280064
"140","REP",874,1347875.17,"KS",138.060038566664,-0.992440692612947,0.12272518749602,14.1140399623088,763876
"141","REP",181228,1530822.51,"KS",4975.14655560315,0.840840966431188,0.541282245386882,14.2413157371551,32843587984
"142","REP",176022,4081243.76,"KS",4878.90337416052,0.200018496120146,0.979792121426701,15.2219123430624,30983744484
"143","REP",166998,1461220.83,"KS",4709.81818757062,0.780679942053822,0.624931058657545,14.1947828292082,27888332004
"144","REP",216959,1070732.08,"KY",5612.84134641987,0.999939009228599,-0.0110443570626696,13.8838531594048,47071207681
"145","REP",209810,1070732.08,"KY",5488.20908776633,0.999926457837119,-0.0121276097114333,13.8838531594048,44020236100
"146","REP",251825,1318277.41,"KY",6202.35936532073,0.991658190502649,0.128895435175227,14.0918364498942,63415830625
"147","REP",122093,4680,"KY",3818.02061570134,-0.210247375522258,-0.977648219497178,8.45105338891169,14906700649
"148","REP",233922,430426.25,"KY",5903.2751150121,0.918351067968338,-0.395766744385393,12.9725312757469,54719502084
"149","REP",221242,1363365.48,"KY",5686.85959383533,0.978396665336193,0.206736463302963,14.125466818535,48948022564
"150","REP",202099,2604489.66,"KY",5352.19706063474,0.557184448787549,0.830388758371231,14.7727473061077,40844005801
"151","REP",243645,3650778.44,"LA",6066.6073980033,0.54545037222259,0.83814312109701,15.1104509740525,59362886025
"152","REP",84912,379115.16,"LA",2993.07749673929,-0.755742728139939,-0.654868634814344,12.8455952901536,7210047744
"153","REP",91532,2005704.24,"LA",3147.55397318916,-0.610760068537862,0.791815722677711,14.5115057989471,8378107024
"154","REP",25662,738256.88,"LA",1341.73576115774,-0.980793154345411,-0.195050732859887,13.512047118899,658538244
"155","REP",24882,569613.8,"LA",1314.24219364261,-0.959485163509679,-0.281759154252004,13.2527138663145,619113924
"156","REP",21607,140889.98,"LA",1195.53321432831,-0.886177526828857,-0.463345865357068,11.8557345810926,466862449
"157","REP",2457,157525.93,"LA",277.438378108988,-0.915147552564792,-0.403119035812836,11.9673453586176,6036849
"158","REP",70580,1005718.09,"LA",2644.21543201919,-0.997129691060958,-0.0757124772060629,13.8212123617422,4981536400
"159","REP",50412,784325.74,"LA",2110.16228621257,-0.976287471621464,-0.2164781114916,13.5725796977366,2541369744
"160","REP",44521,856351.81,"LA",1941.46669135315,-0.987777626929374,-0.155869688322569,13.66043656368,1982119441
"161","REP",21017,1001661.2,"LA",1173.53374978361,-0.998957366576988,-0.045652817673934,13.8171703796977,441714289
"162","REP",13220,188696.4,"LA",859.799182863253,-0.907551011754899,-0.41994185438303,12.1478946532732,174768400
"163","REP",208545,439482.93,"LA",5466.01072847055,0.866686290810371,-0.498853558994382,12.9933541557626,43491017025
"164","REP",207483,1603483.56,"LA",5447.34030462382,0.905028921533517,0.425350033722672,14.2876890454903,43049195289
"165","REP",164569,102072.33,"ME",4663.79458726186,0.402908354268914,-0.91524032803429,11.5334369586083,27082955761
"166","REP",192878,3388851.99,"ME",5187.27963676358,0.355189497002818,0.93479432027526,15.0360017759854,37201922884
"167","REP",242574,819587.77,"MD",6048.72297274499,0.987398590449145,-0.158253036555516,13.6165567733224,58842145476
"168","REP",102577,225859.64,"MD",3397.3315927239,-0.530685667122463,-0.847568712678085,12.3276690233687,10522040929
"169","REP",115048,570012.2,"MD",3668.91405624103,-0.554086984833699,-0.832458775698773,13.2534130430905,13236042304
"170","REP",105931,53054.16,"MD",3471.39448693262,-0.425618743669968,-0.904902583175006,10.8790685575558,11221376761
"171","REP",133081,1177144.69,"MD",4045.03923348862,-0.545594043682482,0.838049604437707,13.978602309868,17710552561
"172","REP",124651,65767.88,"MD",3871.4527442005,-0.185384884404751,-0.982665988336951,11.0938868522348,15537871801
"173","REP",107519,42809.87,"MA",3506.19009437238,-0.404168310229244,-0.914684632540876,10.6645239624607,11560335361
"174","REP",113055,18632.67,"MA",3626.19059857205,-0.330825131457552,-0.943692074988496,9.83267177055697,12781433025
"175","REP",102744,48129.1,"MA",3401.03800203635,-0.458717676345775,-0.888582069033543,10.7816422627664,10556329536
"176","REP",127803,261805.18,"MA",3936.79752649539,-0.171089910408055,-0.985255419957974,12.4753559183585,16333606809
"177","REP",197777,1377305.77,"MI",5275.2143833922,0.955849405606945,0.293856961463992,14.1356398082526,39115741729
"178","REP",212508,1309020.13,"MI",5535.40692248214,0.982465401773544,0.186444990058591,14.0847894229251,45159650064
"179","REP",203545,799297.29,"MI",5377.83131718966,0.964539649065753,-0.263937995332453,13.5914882331417,41430567025
"180","REP",194572,1045552.12,"MI",5217.76860601664,0.999066084989035,-0.0432083073572874,13.8600556483538,37858263184
"181","REP",193259,2546883.56,"MI",5194.14463195224,0.516269231177169,0.85642634297395,14.7503810363873,37349041081
"182","REP",184321,2575216.79,"MI",5031.89448829774,0.445438076539515,0.895312749808008,14.7614442788274,33974231041
"183","REP",205629,1591430.85,"MI",5414.67039818085,0.904515271890597,0.426441230319818,14.2801440751845,42283285641
"184","REP",215132,3970681.06,"MI",5581.12090727721,0.39039058344021,0.920649331918083,15.1944481895874,46281777424
"185","REP",200872,1376818.13,"MI",5330.39766747407,0.959898003186322,0.280349466699889,14.1352856920089,40349560384
"186","REP",16610,52123.23,"MI",1002.1356520505,-0.876850260660377,-0.480763580546436,10.86136600169,275892100
"187","REP",96104,20073,"MI",3252.09112205169,-0.514653095395948,-0.857398502097694,9.90713090745093,9235978816
"188","REP",166526,370919.23,"MN",4700.89232859528,0.544386247363191,-0.838834676012993,12.8237396089927,27730908676
"189","REP",173970,1035971.94,"MN",4840.71077909718,0.996504402114321,-0.0835402691327939,13.8508506164927,30265560900
"190","REP",223077,5782424.64,"MN",5718.4268763449,0.275840247829934,0.961203494415787,15.5703336405774,49763347929
"191","REP",121032,62633.03,"MN",3795.75000566773,-0.236585316729719,-0.971610718296118,11.0450480537201,14648745024
"192","REP",235380,1767927.84,"MN",5927.90817902986,0.914118397921577,0.405447351182973,14.3853187068672,55403744400
"193","REP",156952,19563.84,"MN",4517.9928817912,0.28222669852466,-0.959347742291538,9.88143824333916,24633930304
"194","REP",177089,3777616.71,"MN",4898.70468296112,0.227254720482474,0.973835351596168,15.1446038687471,31360513921
"195","REP",206455,950930.06,"MS",5429.23755431803,0.992541534211844,-0.121906943462621,13.7651957951848,42623667025
"196","REP",83542,0,"MS",2960.61934929036,-0.61029568024881,-0.792173707383451,0,6979265764
"197","REP",209490,1153288.68,"MS",5482.59787559204,0.998173597819613,0.0604108319413784,13.9581281408533,43886060100
"198","REP",181323,609274.42,"MS",4976.89427497742,0.825329366207114,-0.564651606989801,13.3200240527523,32878030329
"199","REP",241954,1526930.25,"MO",6038.357803209,0.965636265641892,0.259897292169774,14.2387699053579,58541738116
"200","REP",249865,1012689.21,"MO",6169.96624694096,0.999174093619556,-0.0406341068505192,13.8281199345781,62432518225
"201","REP",225348,918745.78,"MO",5757.37622577429,0.992895940591939,-0.11898592839512,13.7307647363014,50781721104
"202","REP",123771,123800.91,"MO",3853.11228303908,-0.209621679046622,-0.977782568710281,11.726429989771,15319260441
"203","REP",238388,1465582.25,"MO",5978.57017807143,0.972394232854475,0.233344071943891,14.1977631617479,56828838544
"204","REP",228692,1640591.29,"MO",5814.49341569294,0.932537311021151,0.361073626222465,14.3105672775034,52300030864
"205","REP",285358,6064302.48,"MT",6744.3551704753,0.422733190051854,0.906254186212998,15.6179300863268,81429188164
"206","REP",189771,375031.73,"NE",5131.12843519492,0.758920652131622,-0.6511831107823,12.8347659147064,36013032441
"207","REP",141066,1579008.03,"NE",4206.14356761691,0.129734497436583,0.991548768429913,14.272307378722,19899616356
"208","REP",226720,773856.83,"NE",5780.84427873909,0.976415043642515,-0.215901974397146,13.5591421613018,51401958400
"209","REP",54174,30999.3,"NV",2214.48371832671,-0.775748952602209,-0.631041648812958,10.3417199025672,2934822276
"210","REP",182676,920531.45,"NV",5001.75278368464,0.974739472044628,-0.223344938689374,13.7327064452856,33370520976
"211","REP",142926,2074061.09,"NV",4243.23411054082,0.0943746378960579,0.995536753576676,14.5450191224969,20427841476
"212","REP",118328,1931341.23,"NV",3738.69895852052,-0.325156339053495,0.945660274714619,14.4737252573474,14001515584
"213","REP",157176,1545515.37,"NH",4522.3134686343,0.566420436015889,0.824116429677002,14.2508679855065,24704294976
"214","REP",55,318973.17,"NH",20.3834770201286,-0.941665685771832,-0.33654975299332,12.6728622716468,3025
"215","REP",112388,209797.03,"NJ",3611.83689802967,-0.402053508808557,-0.91561617288836,12.2538958185048,12631062544
"216","REP",176338,1640946.72,"NJ",4884.77179740046,0.74248377065668,0.669864053604489,14.3107839015378,31095090244
"217","REP",194596,1918372.99,"NJ",5218.19993226704,0.734482850362051,0.678627248586466,14.4669879837151,37867603216
"218","REP",211992,665374.49,"NJ",5526.39556937077,0.941827976150446,-0.336095318831361,13.4081053039897,44940608064
"219","REP",157690,4361463.81,"NJ",4532.21999954823,0.0986522647241038,0.995121967733004,15.2883182952169,24866136100
"220","REP",91908,75669.78,"NJ",3156.21510889223,-0.57259023132789,-0.819841708494922,11.2341341523234,8447080464
"221","REP",185850,1278475.07,"NJ",5059.83119038536,0.969387138442092,0.245537320631817,14.0611785741099,34540222500
"222","REP",65376,99778.6,"NJ",2511.87203108336,-0.750941066465164,-0.660369226036588,11.5107090104487,4274021376
"223","REP",194299,1672002.44,"NJ",5212.86103347937,0.836789322175748,0.547525004262502,14.3295325319559,37752101401
"224","REP",143515,975999.4,"NM",4254.94618211813,0.688336516607452,-0.725391508018062,13.7912172506409,20596555225
"225","REP",102730,98904.39,"NM",3400.72736147275,-0.47722357853458,-0.878781916114942,11.5019089048967,10553452900
"226","REP",158409,4086326.31,"NY",4546.05972016504,0.111275702192323,0.993789574357472,15.2231569116703,25093411281
"227","REP",23327,4086326.31,"NY",1258.56580267613,-0.509610884095397,0.860404989996866,15.2231569116703,544148929
"228","REP",843,4086326.31,"NY",134.723948616223,-0.578658562423903,0.815569903891446,15.2231569116703,710649
"229","REP",5920,4086326.31,"NY",501.290643080727,-0.564028154169318,0.825755557840425,15.2231569116703,35046400
"230","REP",157571,1310730.13,"NY",4529.92741330336,0.819150880831033,0.573578097937624,14.0860948910599,24828620041
"231","REP",21810,1310730.13,"NY",1203.05652321556,-0.992212833747611,0.124553974430909,14.0860948910599,475676100
"232","REP",2125,1310730.13,"NY",251.586214202641,-0.994303030198034,0.106590262871464,14.0860948910599,4515625
"233","REP",133954,1148691.2,"NY",4062.80512394329,-0.587943516927572,0.808901984731672,13.9541337652702,17943674116
"234","REP",1940,1148691.2,"NY",236.603603588934,-0.999539642131505,0.0303398056622327,13.9541337652702,3763600
"235","REP",16410,1148691.2,"NY",994.022779994721,-0.999422565849043,0.0339784471645626,13.9541337652702,269288100
"236","REP",111246,445990.22,"NY",3587.19584028771,-0.532740598790987,-0.846278591481446,13.0080523025107,12375672516
"237","REP",14137,445990.22,"NY",899.38251473321,-0.948980031716292,-0.31533616887973,13.0080523025107,199854769
"238","REP",1055,445990.22,"NY",156.816003276346,-0.957747862123034,-0.287609166402529,13.0080523025107,1113025
"239","REP",26791,63494.17,"NY",1381.04768982816,-0.860375867700331,-0.509660049718342,11.0587033696423,717757681
"240","REP",3521,63494.17,"NY",353.477285758477,-0.898328580289281,-0.439324210390737,11.0587033696423,12397441
"241","REP",46275,68903.04,"NY",1992.42550730443,-0.813124374256752,-0.582089986161561,11.1404555779442,2141375625
"242","REP",4646,68903.04,"NY",425.940675368953,-0.897779983565993,-0.440444208848573,11.1404555779442,21585316
"243","REP",2093,68903.04,"NY",249.026411251006,-0.901064211139945,-0.43368570117396,11.1404555779442,4380649
"244","REP",843,68903.04,"NY",134.723948616223,-0.902617724622666,-0.430443077766388,11.1404555779442,710649
"245","REP",122606,1807089.33,"NY",3828.76567407312,-0.296367543351211,0.955073965328324,14.407228003881,15032231236
"246","REP",12824,1807089.33,"NY",842.426819955199,-0.937251568840888,0.34865383506466,14.407228003881,164454976
"247","REP",5636,1807089.33,"NY",484.999523019547,-0.943377736877123,0.331720432841568,14.407228003881,31764496
"248","REP",1868,1807089.33,"NY",230.646244708088,-0.946246385656379,0.323446715290539,14.407228003881,3489424
"249","REP",26891,96104.15,"NY",1384.50307560976,-0.867291439823361,-0.497800721583568,11.4731877782091,723125881
"250","REP",3654,96104.15,"NY",362.405841780392,-0.903662388172256,-0.428245593325623,11.4731877782091,13351716
"251","REP",111117,224130.92,"NY",3584.40715833294,-0.425019776040612,-0.905184064140762,12.3199856243902,12346987689
"252","REP",16968,224130.92,"NY",1016.57768875466,-0.909075424035013,-0.416631579954715,12.3199856243902,287913024
"253","REP",1284,224130.92,"NY",179.085015512826,-0.926769268652904,-0.375631099192496,12.3199856243902,1648656
"254","REP",135905,2922131.3,"NY",4102.37126083922,-0.00874843807290713,0.99996173168341,14.8878238052593,18470169025
"255","REP",21353,2922131.3,"NY",1186.08687557297,-0.701508906876535,0.712660686142353,14.8878238052593,455950609
"256","REP",8028,2922131.3,"NY",615.119688005827,-0.73928055564974,0.673397549771464,14.8878238052593,64448784
"257","REP",885,2922131.3,"NY",139.234384637637,-0.757039754046274,0.653368816820605,14.8878238052593,783225
"258","REP",152597,2631084.99,"NY",4433.58293186563,0.156564149060545,0.987667791936614,14.7829068628074,23285844409
"259","REP",15526,2631084.99,"NY",957.764772043089,-0.77556102969012,0.631272595022151,14.7829068628074,241056676
"260","REP",8799,2631084.99,"NY",654.192872835453,-0.791860847477513,0.610701562329911,14.7829068628074,77422401
"261","REP",964,2631084.99,"NY",147.531666430266,-0.80892465377971,0.587912327228624,14.7829068628074,929296
"262","REP",113287,889095.44,"NY",3631.17663466143,-0.88422019142523,-0.467070287083143,13.6979598653142,12833944369
"263","REP",16157,889095.44,"NY",983.713088299276,-0.994695077908966,-0.10286740000445,13.6979598653142,261048649
"264","REP",136964,3072933.93,"NY",4123.76917551361,0.000249887614883415,0.99999996877809,14.9381433407188,18759137296
"265","REP",16420,3072933.93,"NY",994.429195726208,-0.688185898197948,0.725534402713947,14.9381433407188,269616400
"266","REP",876,3072933.93,"NY",138.273917189817,-0.730876432540181,0.682509809715098,14.9381433407188,767376
"267","REP",6790,3072933.93,"NY",549.66778579967,-0.71554963627864,0.698561892763631,14.9381433407188,46104100
"268","REP",150330,2431861.59,"NY",4389.3290203408,0.153774968361333,0.988105894682079,14.7041676084421,22599108900
"269","REP",20399,2431861.59,"NY",1150.27052282989,-0.804320862995399,0.594195211483849,14.7041676084421,416119201
"270","REP",10931,2431861.59,"NY",756.783490659987,-0.82567960877882,0.564139329994687,14.7041676084421,119486761
"271","REP",1101,2431861.59,"NY",161.408069098148,-0.844642116238569,0.535331388465157,14.7041676084421,1212201
"272","REP",113840,221477.29,"NY",3643.0478867082,-0.386229469172378,-0.922402730450655,12.3080753349942,12959545600
"273","REP",20883,221477.29,"NY",1168.50900053086,-0.903198797679427,-0.42922247363161,12.3080753349942,436099689
"274","REP",6856,221477.29,"NY",553.251495367455,-0.920669250284297,-0.390343607070681,12.3080753349942,47004736
"275","REP",1071,221477.29,"NY",158.420599643944,-0.926571536589125,-0.376118581810137,12.3080753349942,1147041
"276","REP",175509,1085159.37,"NY",4869.36906273283,0.999999515466718,0.000984411666216112,13.8972374189628,30803409081
"277","REP",34292,1085159.37,"NY",1629.69683561952,-0.999999931555317,0.000369985624613676,13.8972374189628,1175941264
"278","REP",9995,1085159.37,"NY",712.641400015878,-0.999999955249595,0.000299166855962532,13.8972374189628,99900025
"279","REP",1089,1085159.37,"NY",160.21634549625,-0.999999960924997,0.000279553222002889,13.8972374189628,1185921
"280","REP",101567,21148,"NC",3374.87297797735,-0.461673299508389,-0.887050034959154,9.95930061735534,10315855489
"281","REP",221485,2786514.67,"NC",5691.04484281241,0.613798815034791,0.789462484645018,14.8403021506468,49055605225
"282","REP",217531,695578.94,"NC",5622.75429043041,0.95559294470293,-0.29468987772569,13.4524997849832,47319735961
"283","REP",130161,89822.27,"NC",3985.33440582343,-0.105930542126835,-0.994373531548741,11.4055882190901,16941885921
"284","REP",207625,1205016.4,"NC",5449.83854994435,0.994125425403733,0.108234183906223,14.0020037347728,43108140625
"285","REP",207983,697129.76,"NC",5456.13444183879,0.944319362062039,-0.329030306255737,13.4547268417123,43256928289
"286","REP",211801,742685.16,"NC",5523.05813660635,0.959970064965004,-0.280102614002593,13.5180274923079,44859663601
"287","REP",189863,2445102.02,"NC",5132.79544150781,0.520043922343683,0.854139519536122,14.709597405992,36047958769
"288","REP",193452,1210766.06,"NC",5197.62047103354,0.989974668128396,0.141245022793982,14.006763824683,37423676304
"289","REP",220825,2670567.42,"NC",5679.67396285715,0.63767302206436,0.770307157523093,14.7978015246519,48763680625
"290","REP",230405,625816.42,"NC",5843.64547465764,0.954180641340742,-0.299231187697023,13.3468123482875,53086464025
"291","REP",115185,41628.12,"NC",3671.84188166739,-0.310231268534081,-0.95066111734084,10.6365311794287,13267584225
"292","REP",199443,591736.07,"NC",5304.95398792672,0.893078155927461,-0.449901553014885,13.2908159867527,39777510249
"293","REP",233980,1033730.28,"ND",5904.25599703506,0.99944033370022,-0.0334517469378191,13.8486844489591,54746640400
"294","REP",210014,694473.37,"OH",5491.78476144011,0.946463500687112,-0.322810845336858,13.4509090963089,44105880196
"295","REP",221193,844399.79,"OH",5686.01547099419,0.983816609558588,-0.179178343436489,13.646381346259,48926343249
"296","REP",210227,422966.51,"OH",5495.51696249389,0.866240237944997,-0.499627711566317,12.9550482823173,44195391529
"297","REP",244599,760311.1,"OH",6082.51622696226,0.981982762980384,-0.188970508835138,13.5414829706102,59828670801
"298","REP",213975,1350957.09,"OH",5560.98705672058,0.976451299070582,0.21573794414375,14.1163238547799,45785300625
"299","REP",198221,825887.18,"OH",5283.14823769972,0.965504338253334,-0.260386967442675,13.624213457218,39291564841
"300","REP",223833,866936.79,"OH",5731.40730878299,0.987437323713278,-0.158011175990682,13.6727213465305,50101211889
"301","REP",88427,32382.68,"OH",3075.5753254959,-0.585083345130309,-0.810973168021685,10.3853789909468,7819334329
"302","REP",215724,1189263.66,"OH",5591.40893337706,0.996414722471535,0.0846031964051854,13.9888449004594,46536844176
"303","REP",59769,21620.08,"OH",2365.32135840455,-0.750634993757072,-0.660717115070678,9.98137779146387,3572333361
"304","REP",251266,1895942.7,"OH",6193.12922327039,0.910739910511307,0.412980405590697,14.4552267398214,63134602756
"305","REP",219191,2028677.12,"OH",5651.47404818786,0.806387784063546,0.591387133536978,14.5228944735674,48044694481
"306","REP",222847,2599706.99,"OH",5714.47492432258,0.663748776788871,0.747955587793338,14.7709093004872,49660785409
"307","REP",225794,1768258.71,"OH",5765.01021270938,0.897413630487821,0.44119018100437,14.3855058406602,50982930436
"308","REP",189839,1620254.08,"OK",5132.36059599948,0.839601879707545,0.543202249251194,14.2980935344167,36038845921
"309","REP",227525,1091333.37,"OK",5794.59198129973,0.999988605121579,0.0047738482379798,13.9029107818432,51767625625
"310","REP",204143,1529341.82,"OK",5388.41490541622,0.921041107073918,0.389465375970767,14.2403480178068,41674364449
"311","REP",160184,847767.97,"OK",4580.13749949826,0.838160255959293,-0.545424041760401,13.6503622570502,25658913856
"312","REP",272952,3328855.23,"OR",6546.42204617355,0.688176487131922,0.725543329208372,15.0181390280778,74502794304
"313","REP",157743,57044.96,"OR",4533.24088359533,0.302149905424587,-0.953260423311444,10.9515950078294,24882854049
"314","REP",160443,277853.44,"OR",4585.09953255499,0.414976052370454,-0.909832333981945,12.5348490594124,25741956249
"315","REP",220628,612699.19,"PA",5676.27775505678,0.940813013340462,-0.338926059678568,13.3256293766956,48676714384
"316","REP",206761,1232583.08,"PA",5434.62921918663,0.990951475758284,0.13422061202542,14.0246225903351,42750111121
"317","REP",207469,2360488.65,"PA",5447.09396819575,0.654286378406995,0.756246874394241,14.6743792106536,43043385961
"318","REP",225678,2172511.18,"PA",5763.02517062292,0.787228255247405,0.616661717751416,14.5913942822534,50930559684
"319","REP",207263,2033130.72,"PA",5443.46866915119,0.757509112607219,0.652824589240496,14.5250873896088,42957951169
"320","REP",186580,4293980.17,"PA",5073.14241904914,0.23529847611842,0.971923159069867,15.2727246393385,34812096400
"321","REP",107985,244932.5,"PA",3516.36863942026,-0.474842161820703,-0.880070975181798,12.4087379413629,11660760225
"322","REP",211282,1001713.54,"PA",5513.98438545725,0.997474558739608,-0.071024676466876,13.8172226315296,44640083524
"323","REP",199421,1031942.48,"PA",5304.56180346572,0.998555419777266,-0.0537314957305945,13.8469534870362,39768735241
"324","REP",221851,1674103.8,"PA",5697.3456924542,0.914096516898572,0.405496680373463,14.3307885352777,49217866201
"325","REP",87999,15689.32,"PA",3065.58871295308,-0.582406544069299,-0.81289766725293,9.66073550508107,7743824001
"326","REP",190618,1754284.94,"PA",5146.46571155158,0.781968298453303,0.62331820141405,14.3775718902598,36335221924
"327","REP",168669,1694547.87,"PA",4741.35133216174,0.631410201449422,0.775449003807214,14.3429265198515,28449231561
"328","REP",135430,31056.78,"PA",4092.75565426599,-0.0223105353516769,-0.999751089027825,10.343572421013,18341284900
"329","REP",293684,1129959.96,"PA",6875.60191871282,0.999828832671047,0.0185014961462777,13.9376927564324,86250291856
"330","REP",71023,100816.58,"RI",2655.32993446541,-0.723651214784822,-0.690165863644712,11.5210581052204,5044266529
"331","REP",70301,2834.26,"RI",2637.20373848189,-0.69402504540664,-0.719950856898102,7.94953615916175,4942230601
"332","REP",190410,165469.81,"SC",5142.7013834579,0.673282178348297,-0.739385628964056,12.0165440402408,36255968100
"333","REP",183746,744980.15,"SC",5021.36876497779,0.907276734206745,-0.420534097983912,13.5211128527114,33762592516
"334","REP",198431,715207.8,"SC",5286.89869321181,0.933610950085135,-0.358288422756209,13.4803284088222,39374861761
"335","REP",198648,1588411.29,"SC",5290.77278814271,0.886613196979553,0.462511663573683,14.2782448859954,39461027904
"336","REP",175909,1317527.76,"SC",4876.80401201226,0.934188090465852,0.356780901439196,14.0912676293844,30943976281
"337","REP",176468,966223.53,"SC",4887.18501446465,0.982196019975224,-0.187858932033668,13.7811504839419,31140955024
"338","REP",237163,3071850.33,"SD",5957.96382412138,0.619570998826271,0.78494062031049,14.9377906513597,56246288569
"339","REP",198293,309828.08,"TN",5284.43425580394,0.778291672369876,-0.627902916635766,12.6437728419794,39320113849
"340","REP",212455,509943.24,"TN",5534.48167076595,0.899345980136015,-0.437237701957632,13.1420547043892,45137127025
"341","REP",176613,1151336.93,"TN",4889.87598765718,0.994269078070714,0.106906503040798,13.9564343729301,31192151769
"342","REP",165796,541926.97,"TN",4687.0710439469,0.639781762089834,-0.768556632199103,13.2028865296459,27488313616
"343","REP",89141,0,"TN",3092.19981323395,-0.567710197797576,-0.823228480627728,0,7946117881
"344","REP",102433,90818.51,"TN",3394.13404789965,-0.47739905565818,-0.87868660036254,11.4166183984394,10492519489
"345","REP",202234,2819757.52,"TN",5354.59285609988,0.507488206602025,0.861658702828365,14.8521614534017,40898590756
"346","REP",200407,1550219.15,"TN",5322.12480944618,0.905456067303658,0.424439995974688,14.253906865998,40162965649
"347","REP",194386,1284633.77,"TN",5214.42523205152,0.976127774672467,0.21719707068231,14.0659842317991,37785916996
"348","REP",192434,893598.65,"TX",5179.27383606303,0.976674128960315,-0.214726909863691,13.7030120159929,37030844356
"349","REP",168692,623230.11,"TX",4741.78463988093,0.73294154949695,-0.680291617632475,13.3426710875192,28456990864
"350","REP",193684,1181909.94,"TX",5201.7971675547,0.994047226868318,0.108950037886211,13.982642281152,37513491856
"351","REP",216643,910934.89,"TX",5607.36126669449,0.990452166936439,-0.137856827944478,13.7222267027768,46934189449
"352","REP",155469,3207303.01,"TX",4489.33675477905,0.135404313355067,0.990790427852855,14.9809409581533,24170609961
"353","REP",159444,1348463.14,"TX",4565.94564993567,0.800363044610222,0.599515635177478,14.1144760871134,25422389136
"354","REP",143542,1195460.96,"TX",4255.48268761531,0.682105113338586,0.731254138010414,13.9940424095547,20604305764
"355","REP",236379,4028312.5,"TX",5944.75732392998,0.467391326951567,0.884050534466471,15.2088581117378,55875031641
"356","REP",179221,1730835.84,"TX",4938.15268324558,0.715460347768178,0.698653340914818,14.3641149943059,32120166841
"357","REP",201871,1630310.55,"TX",5348.14962875626,0.881008738115311,0.473099992987177,14.3042810761084,40751900641
"358","REP",196482,1088164.59,"TX",5252.04032609313,0.999992541167549,0.00386233210232297,13.9000029725303,38605176324
"359","REP",199050,1698238.18,"TX",5297.94599507995,0.845610866333622,0.533799833962601,14.3451019069233,39620902500
"360","REP",160631,533946.67,"TX",4588.69966155731,0.558662645127716,-0.829394989699663,13.1880512440412,25802318161
"361","REP",66877,17069.56,"TX",2550.3897764211,-0.716476235332285,-0.697611499478095,9.74505203924069,4472533129
"362","REP",149417,1740364.13,"TX",4371.44431159858,0.285532348477171,0.958369071899293,14.3696049194117,22325439889
"363","REP",48306,37309.1,"TX",2050.64242205552,-0.798060519257467,-0.602577304254402,10.526992543705,2333469636
"364","REP",176314,1336784.41,"TX",4884.32621621507,0.925501094315034,0.378744933196043,14.105777594017,31086626596
"365","REP",202967,1772750.36,"TX",5367.59193887859,0.832338615280538,0.554267471093944,14.3880427742405,41195603089
"366","REP",181864,1424608.68,"TX",4986.84132350868,0.900262138707802,0.435348230281524,14.1694077234462,33074514496
"367","REP",110577,4232951.96,"TX",3572.72198801445,-0.129896475809527,0.991527561680594,15.2584101705135,12227272929
"368","REP",154845,528905.18,"TX",4477.25221363221,0.450429423860485,-0.892812037396849,13.178564450918,23976974025
"369","REP",180988,1216409.13,"TX",4970.72991728276,0.982203135416326,0.187821726055155,14.0114137405119,32756656144
"370","REP",211730,1091006.23,"TX",5521.81726704624,0.999984861385008,0.00550245407134845,13.9026109751564,44829592900
"371","REP",142251,1113535.86,"TX",4229.79235274433,0.944432121913694,0.328706506016533,13.9230509699208,20235347001
"372","REP",166060,1257077.88,"TX",4692.07173993716,0.93526612435669,0.353945301749884,14.0443004426937,27575923600
"373","REP",162868,2572845.8,"TX",4631.43127890779,0.263116771896568,0.96476399411811,14.7605231594253,26525985424
"374","REP",33222,34933.34,"TX",1595.41755577239,-0.83970819299424,-0.543037890591759,10.4611969530406,1103701284
"375","REP",62384,132593.04,"TX",2434.21002645607,-0.77479720807629,-0.632209843609846,11.7950398666685,3891763456
"376","REP",193675,724373.84,"TX",5201.63517132637,0.926673067735461,-0.375868361974974,13.4930628916944,37510005625
"377","REP",182928,896634.73,"UT",5006.37602800386,0.967568652216386,-0.252608201070683,13.7064038451752,33462653184
"378","REP",170542,958040.77,"UT",4776.57410716266,0.972267076317299,-0.233873325348171,13.7726456134587,29084573764
"379","REP",209589,1308015.97,"UT",5484.33414633926,0.981233033510971,0.192825656868731,14.0840220204049,43927548921
"380","REP",147597,5576207.69,"UT",4335.68442806949,0.0371329396978476,0.999310334575499,15.5340194778594,21784874409
"381","REP",230213,1050400.71,"VA",5840.38156120685,0.999726267229379,-0.0233963803100547,13.8646822779035,52998025369
"382","REP",190475,806017.6,"VA",5143.87788169069,0.948943450645319,-0.31544623547818,13.5998608574786,36280725625
"383","REP",103289,71165.64,"VA",3413.1199645431,-0.461041285245502,-0.887378686525192,11.1727653966491,10668617521
"384","REP",145731,145601.99,"VA",4298.86931304955,0.145099307244557,-0.989417096596349,11.8886320822337,21237524361
"385","REP",207758,656562.23,"VA",5452.17794445043,0.932869045172601,-0.360215691716449,13.3947727587886,43163386564
"386","REP",225471,2007353.48,"VA",5759.4820604981,0.832317480903865,0.554299207091119,14.5123277358381,50837171841
"387","REP",218057,1166347.78,"VA",5631.8624501926,0.997931714952795,0.0642829082367403,13.9693878690011,47548855249
"388","REP",98387,80697.11,"VA",3303.67492414211,-0.51506775948015,-0.857149463713359,11.2984580419687,9680001769
"389","REP",212838,902724,"VA",5541.16621160398,0.988486005186667,-0.151312317906057,13.7131721378388,45300014244
"390","REP",210791,5342922.33,"VA",5505.39338909426,0.261960634760623,0.965078559411518,15.4912833140572,44432845681
"391","REP",155779,28942.99,"WA",4495.33434039131,0.269102704227688,-0.963111486058258,10.2730833120566,24267096841
"392","REP",132517,1258839.29,"WA",4033.54116313429,-0.368578709022562,0.929596544343438,14.0457006559509,17560755289
"393","REP",97402,79387.49,"WA",3281.46808237587,-0.524144401548635,-0.851629406681817,11.2820960781468,9487149604
"394","REP",126116,11522,"WA",3901.89097324145,-0.155824397695556,-0.987784772651825,9.35201353029233,15905245456
"395","REP",193145,1725301.06,"WA",5192.09100753108,0.80832769594643,0.588732822225783,14.3609121207557,37304991025
"396","REP",76317,33078.61,"WA",2786.43487198197,-0.669857283447751,-0.742489878592294,10.4066421289078,5824284489
"397","REP",163469,1068057.71,"WV",4642.87861921617,0.999210980375548,-0.0397167055146296,13.8813523326229,26722113961
"398","REP",140807,1327374.34,"WV",4200.96604455742,0.242300136010627,0.9702013420364,14.0987133684841,19826611249
"399","REP",140741,568743.98,"WV",4199.64617343054,0.114793235051786,-0.99338940662076,13.2511856645759,19808029081
"400","REP",230072,13433668.84,"WI",5837.98405266634,0.117221867272803,0.993105751585941,16.4132747136193,52933125184
"401","REP",124044,42234.4,"WI",3858.80658481545,-0.189984981469743,-0.981786996662688,10.6509903338336,15386913936
"402","REP",260706,296448.98,"WI",6348.10772056605,0.926268477511735,-0.376864309225604,12.5996304084145,67967618436
"403","REP",204147,1049181.91,"WI",5388.48566417477,0.999434752892114,-0.0336180712040387,13.8635212851182,41675997609
"404","REP",223418,2038977.53,"WI",5724.28360115254,0.817251913327832,0.576280582843113,14.527959029388,49915602724
"405","REP",227892,2703822.81,"WI",5800.85423899176,0.660254159435833,0.751042239123528,14.8101771851517,51934763664
"406","REP",156176,2148255.72,"WY",4503.00937094412,0.272422601669702,0.962177699855651,14.5801667778043,24390942976
